perturbation,rmse_test,pearson_corr_test,cv_rmse_mean
AFF1,0.1100988428707897,0.0766643295354057,0.1196927732030081
ALX1,0.1341065544803658,-0.0858729809653945,0.1307845672234619
ALX4,0.1805153435536907,-0.0414796141893607,0.1544653956082164
ARID1A,0.1727947718181844,0.0403897516055171,0.169206965804317
ARID3A,0.1045564462394064,0.0203631168206261,0.1136011225688206
ARNTL,0.1854958269182916,-0.0034863627244242,0.1830337727460264
ATF3,0.1161674751163056,0.0383332773203661,0.1275627964813074
BARX1,0.2361368462593483,0.0723996819437252,0.2281109580759529
BBX,0.2717300224708589,0.0395065542773666,0.3348457463932132
BCL11A,0.2775978257487885,0.0192981614679208,0.277439038238274
BCL11B,0.3362415027523664,-0.0276951256766288,0.3242051913802415
BHLHE40,0.1528618540939177,0.0484683909405344,0.1640631772718955
BHLHE41,0.1589995726565249,-0.0010007457127084,0.162115063196447
BID,0.1074430952757465,0.0585091712802018,0.1327088598729296
BNC1,0.1152969115918452,0.0385223983894423,0.1150603762613633
BNC2,0.1476413857517272,0.0180365366774063,0.1473268078582123
BPTF,0.1453133632755468,0.0564478426090341,0.1553249307608801
BSX,0.2083484623981653,0.0810405193660456,0.2109652672539202
CARHSP1,0.1122201491994975,0.0084479872851962,0.1769782332265472
CASZ1,0.2683133281903163,0.0245869156502937,0.2819917644748451
CDX2,0.1917950559735116,0.0941621456752705,0.1894238881557421
CEBPA,0.2455588422535964,-0.0140823458654107,0.2394621369213634
CEBPB,0.2193254922665666,0.0253898330177483,0.2255176259103319
CREBBP,0.1407860108380287,-0.1034089876846826,0.1214186426048069
DLX2,0.1470139004351763,-0.026992304680097,0.1345457094451987
DLX3,0.2075722877118019,0.0024493408987254,0.1817815939621512
DMRT1,0.1804643202832614,0.0814377436560135,0.1765001720818706
DNAJC1,0.1119212232287817,0.0659595472413728,0.1515501044645689
EBF2,0.1527956318110457,0.0617976046054454,0.1518328347133766
EBF3,0.2130562812171309,0.0781075256395529,0.2107410275094599
EGR2,0.1928377959793884,0.0066807754773416,0.1588656366019604
EGR3,0.1947045239814495,0.0191124496915037,0.1745022145006997
ELF4,0.12458229324071,0.0912611049459889,0.1319680580952696
ELK3,0.0992345444544944,0.0535217673251759,0.1090845740057915
EOMES,0.370854061079374,0.1673001605071877,0.3719150532525935
EP300,0.1616400012533348,0.1080897134190432,0.1554710608475544
EPAS1,0.1426303148753806,0.0343366806170497,0.1047897208387571
ESX1,0.2071814688376812,0.070636345276136,0.2142291510048602
ETS1,0.2132799101272897,0.0860548216457059,0.2089683215102185
FEZF2,0.1854155329872032,0.0840141679686056,0.1926286764865988
FLI1,0.2592036844542162,0.1099562431187353,0.2620252898267022
FOSB,0.1789741096585001,0.1308485203241805,0.1689190402892391
FOSL1,0.1459750936350996,0.0090929248379117,0.143733013560298
FOSL2,0.2001741374017488,0.0695777914613514,0.2043533524883671
FOXA3,0.2154365211625233,0.1316694525063221,0.2262076195919694
FOXC1,0.2389380658441735,0.02173715742813,0.2361647000996368
FOXC2,0.3413954378683277,0.0430673938816256,0.3348771559662419
FOXD1,0.1460174589310901,0.0537108140890695,0.1571303814051108
FOXD2,0.1522368465588703,-0.0019275030498668,0.1423465360794738
FOXD3,0.2364670708200493,0.0396391695373362,0.2394429554835757
FOXE1,0.2708273230973937,0.0655532696314283,0.2688449103543161
FOXE3,0.1826591172523413,0.0519681309521056,0.1856340242605763
FOXF1,0.212318230081821,0.1377151340912936,0.1949099323058019
FOXF2,0.1674583193446182,0.120534706808882,0.1632206997171151
FOXI3,0.1963961784884328,0.1542437766471975,0.185036093168058
FOXJ1,0.4567388620345318,0.0057524571567508,0.2014543861594301
FOXL2,0.1803660280991219,0.1709702127284749,0.1713749835703445
FOXP4,0.1727227206169309,0.0184157934410185,0.1695469495478228
GATA2,0.2844305163559678,0.1312566837059907,0.2946381447411846
GATA3,0.1689732018527492,0.1269259226008533,0.1589746788191643
GATA4,0.2295476940220606,0.116718091770988,0.2257816882686526
GATA6,0.2719026846590043,0.0729758825075248,0.2426921257944408
GFI1,0.1625507326048733,0.0584369831002159,0.1612976963515534
GLI1,0.2279111896264592,0.0699473641985066,0.2153354321173602
GLIS3,0.1834311321675268,0.1112828342252263,0.1739895433262433
GSC,0.2141420792378665,-0.0065400754501608,0.2047999859204889
GSX2,0.1976989021015713,0.0314724727268595,0.1916496548763393
GTF2B,0.1706834137091039,0.0313245488332244,0.1848903880394004
HAND1,0.1712798781059225,0.0873458140992677,0.2235196084889347
HELZ2,0.2362677405286299,0.2567101588256489,0.2427820008622091
HES4,0.165214842840236,0.0412793575391806,0.2462860140085191
HES5,0.11576191537559,0.0440666187547624,0.121290140447639
HES7,0.3845308756640935,0.1174664771522679,0.3538640665590323
HHEX,0.2296962198468856,0.1098516837088744,0.2263688767397771
HIC1,0.1504466711394546,0.0531298029353052,0.1566429671515781
HIVEP1,0.16886388927248,0.1053295107954276,0.1685127496712961
HMGA1,0.2005792594128692,0.0316581628702453,0.2114002574483597
HMGN2,0.1849988022366379,0.0873791939117654,0.1960805794046951
HMX3,0.2137801620510046,0.0628332084578008,0.1981327269461903
HNF1B,0.3190331158311986,0.0004343137366256,0.3289443068863584
HNRNPAB,0.4731374568231493,0.074490182433838,0.4768038597600306
HOXA13,0.3104653483758791,0.0457787868024901,0.3030694996424262
HOXC9,0.2186937622776351,0.0459304028278159,0.2165349110693307
HOXC13,0.2904968806625829,0.002269491788822,0.2853495054056882
IFI16,0.1429573311377163,0.0592068444418778,0.1684858150769749
IKZF2,0.1748869721945765,0.0013341591411842,0.1773867512004075
IKZF5,0.2478284782333308,0.0279721415872042,0.23753896325753
INSM2,0.2235967822847385,0.0553137722142012,0.2204126275513703
IRF1,0.2486937000606786,0.3360974829304506,0.2234837736381254
IRF4,0.2012732548913591,0.0865795211031332,0.2095001454765114
IRX3,0.1751235084234038,0.0350046795576434,0.1799812043358165
JDP2,0.1591139290229448,0.0277178016429587,0.1647914086663435
JUN,0.1639555538367381,0.0820859797619544,0.1593066142528552
JUNB,0.2989023781978822,0.0460586016942765,0.2957306153680623
KLF2,0.1904172257930237,0.0974995229104525,0.19681960621096
KLF3,0.1500132668340003,0.0965275875977055,0.1412362093688058
KLF5,0.1683394337423469,0.0377564620285281,0.1767437682113129
KLF8,0.1251613882423314,0.1425423563367894,0.1233960260097774
KLF15,0.1461552662160572,-0.0006748124135028,0.1493876813452369
KLF16,0.1393793712723564,0.0613868587137566,0.1394009023155939
LBX1,0.2334061044431642,0.0633081873424247,0.2361813651401144
LHX2,0.1318338264675493,0.0070345025723446,0.1321319902769732
LHX4,0.1485078149892322,-0.0235403178024251,0.1436534959224383
LHX6,0.1625123925478241,-0.0458281205720475,0.1432573626670669
LHX9,0.2004318165160516,0.0196884911189483,0.2069134335756488
LYL1,0.1762363074961798,0.0567462358174208,0.1677888679965886
MBD4,0.1484347154968539,0.0252210807698755,0.1558376548125488
MECOM,0.2417059794187005,-0.0254150020492379,0.2357457775897228
MESP1,0.1066743142523449,0.0694198419592941,0.1147870642816345
MKX,0.1553978849891172,0.0727626513467867,0.1585352678271212
MLXIP,0.1639007519700734,0.0465028323483356,0.1682781436066703
MMP3,0.1380594547336137,0.0269001206673257,0.3322062603586465
MNX1,0.1872935350180817,0.0735733484858938,0.1881525985371361
MXI1,0.1996068931110719,0.2021567929475306,0.2037580018775356
MYBL1,0.1901445504469936,0.0618164268820411,0.1795639025674896
MYC,0.1934951716721718,0.2421993819538807,0.2060285564229002
MYCN,0.2312324414901713,0.0781357896750252,0.2341079374893001
MYOD1,0.1488093182634043,-0.0115590576092322,0.1471095811133596
MYRF,0.1707093425058446,-0.0024934165352436,0.1851211757062204
NCOA3,0.1248347158302111,0.0305612243148635,0.1383874038336521
NEUROD1,0.1701500622076709,0.1318845438020967,0.1807414897977547
NEUROD2,0.2639594631184454,0.0932062923070963,0.2825436738266034
NFATC1,0.1623684458860929,0.0008234798805203,0.1786563190118306
NFE2,0.157889614415355,0.0562481299211018,0.1686380058379228
NFE2L2,0.2770589173344207,0.1523548077158506,0.1865859164200859
NFKBIA,0.1599834741820696,-0.0183714279933001,0.1843324005242331
NHP2,0.1895386799201941,0.0838320029204911,0.1541113146763519
NKX1-2,0.1708365588223332,0.0556049338663798,0.1660113692927884
NKX3-1,0.225102674181363,0.0939796189149391,0.2203456568859639
NKX3-2,0.173977724117006,0.0341790585878112,0.1750864360483021
NKX6-2,0.1260793953100075,0.0910404992224232,0.1344877415585013
NME2,0.2116306283563689,0.067150679754841,0.1013805456680937
NOTO,0.1499868437010924,0.0296274153612918,0.1444172698654375
NR2F2,0.1720642079255707,0.0671045466859754,0.162150620652779
NR4A1,0.2237410802916757,-0.0047562501794015,0.2259920737897755
NR4A3,0.1988954252537466,0.0064284489348683,0.2114650992325057
NSD2,0.2124816083665984,0.0846005630082732,0.2133617289413326
ONECUT3,0.1478387533342792,0.0025329063945711,0.1478607856809199
OSR1,0.166464975018225,0.0262897992108731,0.1615522024053302
OSR2,0.1674081984454317,0.0156654582338868,0.1701713133651675
OVOL1,0.2384387277911936,0.1429282934783322,0.2385756499406684
OVOL2,0.2218659744992834,0.1113685722421725,0.2253550994390334
PARP1,0.1542706649333914,-0.0034068512899979,0.1722582066947023
PAX2,0.1760826413514531,0.1046510621797837,0.1823002037573823
PAX3,0.1969096292895006,-0.0099226032515507,0.1821136765068187
PAX5,0.2028314593436078,0.058694949706411,0.2024031823447418
PDX1,0.1563698823557368,0.0067333741939587,0.1450571539975163
PHOX2A,0.1670560147346263,0.0430254254738086,0.1704730628087596
PITX1,0.1197818088244352,0.0528436839410923,0.1277582568280607
PLAG1,0.2423979466957326,0.0274129871566646,0.2689568286887054
PLAGL1,0.4091525757597162,0.0003089919831926,0.1863959788395499
POU4F2,0.1576381477077897,0.0428147427393039,0.168275871845994
PPARGC1A,0.251558197260872,0.1730282487468837,0.2637873951952538
PRDM1,0.2162097245964615,0.1307441158162404,0.2119285154804
PRDM16,0.195475631532705,-0.0055092614317165,0.1916383320605192
PROX1,0.1562691278558217,0.0331586498739187,0.1634891795635078
PRRX2,0.1331974792242861,0.042410416230329,0.1468392995234641
PSAP,0.1452489405512234,-0.0024962270965851,0.1616606910887207
PTF1A,0.1546475135426773,0.0658179211581566,0.1556461668658122
RBMS1,0.1230141807739725,0.0141084194614659,0.1198423222881655
RBPJ,0.1485229578487238,0.0124930757853125,0.1489525553766977
RERE,0.1559249459419243,0.0211590315423621,0.1635481199725858
REXO1,0.2029091459256337,-0.056915780447378,0.1937423691767517
RREB1,0.1330112164941822,0.0641556328291072,0.1366561220249431
RUNX1,0.2084166837560895,-0.0129962991238344,0.1995598277852062
RUNX2,0.2354794448062335,-0.0088768473633009,0.2357894420800711
SALL1,0.1697427707386825,0.0438714183042625,0.169340373788954
SALL3,0.1343721451702931,0.1140124724349002,0.1395385937870463
SATB2,0.1228893782877564,-0.0081982350980541,0.1251205971293968
SIX4,0.1889274876621556,-0.0346591326968857,0.1794482072131784
SMAD1,0.19388427593714,0.0519151739321825,0.1811482631099069
SMAD5,0.1835331137567923,0.1064141630976011,0.1937288286745004
SMAD6,0.1604863143655468,0.0946914617660772,0.1689499589751618
SMARCA1,0.1703457730362847,0.0265856070437333,0.1834554934319087
SMARCA2,0.1096583707019263,0.0250010550198423,0.1310084261404593
SNAI1,0.178297891530189,0.0901006684358215,0.1744270030391272
SOX8,0.1960563524337041,0.0430123638768232,0.1873492810549686
SOX9,0.1738464827559767,0.0760940209254208,0.1896718080647385
SOX11,0.2910984678821517,0.0836631261464828,0.2952058706417415
SOX12,0.1367419640917685,-0.0009667024602469,0.1328620998154911
SOX13,0.2003045951151833,0.0407955708913076,0.2040081347906003
SOX15,0.1768191798747827,-0.0364454111315316,0.1784811230128908
SOX17,0.1671131727647688,0.0446177887979235,0.1631018597338485
SOX18,0.234607131729654,0.1179583972792976,0.2322301475175077
SP3,0.1704651964135461,0.0124034843654563,0.1733225901385804
SRF,0.1561119606605746,-0.0109212336727337,0.1611978033239527
STAT2,0.2363877571827564,0.1349222762850505,0.2470616452925652
SUZ12,0.098344155342755,-0.0165979437514086,0.1034815221572331
TBX3,0.1533616309847982,0.0350142144868444,0.1561331817406953
TBX5,0.2113743155491671,0.0753024134905516,0.2201810544172141
TBX18,0.1435510874380662,0.0502500197395511,0.145196755026052
TBX20,0.1682320154301437,0.0793399597679528,0.1653030782910069
TBX21,0.2293672120748988,0.0488431235756979,0.2203573236304553
TCF7L1,0.1304129864314222,-0.0078534511562692,0.138956722747973
TEAD3,0.1356683650666193,0.0217553180611989,0.1303272784164208
TFAP2A,0.1903088220660026,0.0207047806747744,0.1743353747816491
TFAP2C,0.1895150641773039,0.0376722669666962,0.1847562218435499
TFAP2E,0.2680195556180845,0.0489451282903588,0.2728671040268051
TFCP2L1,0.1459256609121595,0.0154732648679586,0.1495458180109201
TGIF1,0.1872230976765888,-0.0350683989212036,0.1826207135523481
THRA,0.1443544725129948,0.077248778841985,0.1499256070254107
TLX1,0.2177954964723082,0.0631479976309701,0.2095710088287987
TONSL,0.1420955234567131,-0.0003549752825509,0.1422729357856317
TOX,0.1098785931225797,-0.0006439058628922,0.1173280038225133
TP73,0.2811056648167613,0.0284364856484856,0.2864163063151853
TRIM22,0.1951509764306355,-0.0684560160575453,0.1426541269359484
TRIM24,0.1597518998310239,0.0271699358069705,0.1603889285435986
TRIM28,0.1167715262926283,0.0950862443577706,0.1373331514643709
TSC22D1,0.1800104410848832,-0.0191720281997448,0.1325177597821016
TSHZ1,0.2111198933576261,0.0341445035323369,0.210245894395658
TWIST2,0.1815788260391598,0.0164199733393061,0.1687914903111732
VENTX,0.1903119510646654,0.0450173105265033,0.1877763990470887
YAP1,0.1076980469967909,0.0921605974345985,0.1069311521747521
YBX1,0.4235079877018056,0.0428207224576209,0.1259276199295632
YBX3,0.1610756286274913,0.0079479319240347,0.2800538005030055
YWHAZ,0.1478698701095027,0.0935135723732021,0.1555670843339076
ZBTB7A,0.1814452539446496,0.0470275487016444,0.1784691868232397
ZBTB10,0.1624064950868957,0.0616677062866795,0.1685944765561211
ZBTB18,0.2036245450161729,-0.0174051135580547,0.1954298818467188
ZBTB37,0.0878974106574984,-0.0355540763754945,0.089515042205553
ZBTB42,0.2424867274944014,0.0213683059856058,0.2438400471916091
ZEB2,0.2226455510850193,0.0253051625265674,0.2245395577959259
ZFP36L2,0.1341422033855927,0.0310108677772715,0.1370376118764585
ZFPM2,0.1375634602608834,0.0724283743483993,0.1428834561543193
ZIC2,0.1892043355878431,0.0308750999048645,0.1894032181255378
ZNF136,0.1948533804124686,0.0314497710263507,0.1951068807554544
ZNF286B,0.1974195763564393,0.0644558838259266,0.1920592989325442
ZNF296,0.1848527686097718,0.1283900533562479,0.1776484503782699
ZNF618,0.1419314944788506,0.0281120452649832,0.1336874098459512
ZNF777,0.1492944729173602,0.0110513856439187,0.1508086524313359
ZNF827,0.2042662977894238,0.0247907114601469,0.2111354411430412
