TF,k,MSE,RMSE,Pearson,Spearman
AFF1,75,0.01009626554585057,0.1004801748896297,0.06780913428005494,0.06809417712880074
ALX1,100,0.012596533001943824,0.11223427730396728,0.007617759315218284,-0.0007208712266345653
ALX4,100,0.01912625899264871,0.1382977186820112,0.02920614749079977,0.04699624979457826
ARID1A,100,0.02133202498597594,0.14605486977836768,0.08716678659051817,0.06713561049901592
ARID3A,100,0.008717304220930183,0.09336650481264779,0.041132041719596016,0.04242720969790821
ARNTL,100,0.02624085249372362,0.16199028518316652,0.0380533334097095,0.03143777520045105
ATF3,100,0.01121630321966989,0.10590704990542363,0.11189819008033317,0.11067347038602988
BARX1,50,0.04394788955167066,0.2096375194273932,0.039041058452666574,0.03631785261022745
BBX,100,0.0981465871453939,0.31328355709387923,0.003833025501880536,0.018284375786383596
BCL11A,100,0.06659435184599152,0.25805881470314385,0.03452377351267041,0.03416674539199406
BCL11B,50,0.09583230036820077,0.30956792528975086,0.045062637675554656,0.03781705733048969
BHLHE40,100,0.0198389020595566,0.14085063741267415,0.02827665591267554,0.021095992814687655
BHLHE41,100,0.020111164315381028,0.14181383682624565,-0.008396567729411756,-0.0032545378445896092
BID,100,0.01281530562682747,0.11320470673442633,0.05988895804655022,0.08975550717178282
BNC1,100,0.009476233892284932,0.09734594954226361,0.03202589292922996,0.025060923419385185
BNC2,100,0.01619852501128571,0.12727342617878137,0.04575797040255959,0.027462731212289905
BPTF,50,0.017700076336884855,0.13304163384777284,0.032336618767549445,0.026250481496208643
BSX,100,0.03628048023240086,0.19047435583931202,0.10856167765934248,0.08695584376937467
CARHSP1,50,0.02954319621453509,0.17188134341613429,0.016763157344352967,0.014858708464735535
CASZ1,100,0.06701068594518032,0.25886422299186174,0.016819169116270852,0.020593619928239233
CDX2,100,0.02816011122069879,0.1678097470968203,0.07490009761739742,0.06204357462669058
CEBPA,100,0.04928118009411585,0.22199364876976965,0.06547408033731787,0.04009732460713944
CEBPB,100,0.04210861739841668,0.20520384352739762,0.0663777688307277,0.060803979979561905
CREBBP,100,0.011365481789961255,0.10660901364313083,0.032131235918948176,0.007886780635953224
DLX2,100,0.013303251562117605,0.115339722394835,0.024809104545582526,0.03403109272171353
DLX3,75,0.028046220816318322,0.1674700594623359,0.011005781795346725,0.009427926554759377
DMRT1,100,0.02449152153359796,0.15649767261399755,0.055983279468349356,0.0652225715159572
DNAJC1,100,0.018253631136366764,0.13510599963127753,0.03318694570490352,0.02554771054512247
EBF2,50,0.0184869644836324,0.13596677713188762,0.041048147367787016,0.03159601425422777
EBF3,100,0.03666718204807133,0.19148676729234146,0.01280314808064954,0.010355899313496137
EGR2,100,0.02140315812449081,0.14629818223235314,0.019936575693711277,0.012726052590480805
EGR3,75,0.02409127229641476,0.15521363437667055,0.08206251301963871,0.05939560164236074
ELF4,100,0.012237160406347727,0.11062169952747845,0.07350220517025496,0.05599651058659642
ELK3,75,0.008074748404559823,0.08985960385267577,0.09678415814435375,0.10485294936001417
EOMES,100,0.13044935611495412,0.36117773479957777,0.10736748888165423,0.05495587032922894
EP300,100,0.019310305136586426,0.1389615239430916,0.10553961873493774,0.10980825663322809
EPAS1,100,0.009411606874882449,0.0970134365687684,0.09933849829505104,0.09995916324819971
ESX1,100,0.03672808702367686,0.1916457331214991,0.05490557149649129,0.03157555736338728
ETS1,100,0.03582586747200937,0.18927722385963233,0.12229773726490749,0.09729071693540049
FEZF2,100,0.02897322217106481,0.17021522308849116,0.11984847095197333,0.09378997086951887
FLI1,75,0.058126988600361175,0.2410953931545793,0.10160420952639367,0.07964089693769422
FOSB,100,0.023124338727839172,0.15206688899244034,0.22622529153291054,0.23403095283561215
FOSL1,50,0.015146780248333333,0.12307225620883584,0.06268285614360325,0.06533566953589498
FOSL2,100,0.03379898656220127,0.18384500690038136,0.030357091217116765,0.028131330093753674
FOXA3,100,0.04150897838290722,0.20373752325702602,0.0470296670828629,0.03406244143701654
FOXC1,50,0.04718619386029495,0.21722383354571143,-0.010317735362172557,-0.014496656723117018
FOXC2,50,0.10044371003907045,0.3169285566796884,0.009238015062224356,0.005507210491477033
FOXD1,100,0.017649348278858883,0.13285084974835082,0.058670902543952866,0.063841051928979
FOXD2,100,0.014749469766515486,0.12144739505858282,0.037508892399940076,0.040207818666672675
FOXD3,100,0.047016830793963404,0.21683364774398692,0.049362741113095236,0.04344888959416775
FOXE1,100,0.06328126644242013,0.25155768014994123,0.04760322139359026,0.05736860212213435
FOXE3,100,0.026127974569348296,0.1616415001456875,0.06619217571918821,0.06994066138706478
FOXF1,100,0.03256279728280836,0.18045164804680605,0.20856533518107243,0.248340999374323
FOXF2,100,0.02086600402467583,0.1444506975569029,0.17219226486408395,0.2133113153043491
FOXI3,50,0.02903725259340344,0.17040320593640085,0.16115046182659581,0.14723097211207886
FOXJ1,75,0.06538040412179975,0.2556959212068111,0.07819532824049188,0.06549657244260837
FOXL2,10,0.02498048551705486,0.1580521607478204,0.14511874334319505,0.16635922325245567
FOXP4,100,0.022016864475136153,0.1483808089853137,0.15658202777207755,0.12348054762314306
GATA2,100,0.07716797423360033,0.2777912421830471,0.14410078467182325,0.13680534727396698
GATA3,75,0.02004398772658176,0.14157679091779754,0.22870614505966672,0.2318040161635973
GATA4,50,0.04449789579272074,0.21094524358875869,0.14324208169569047,0.1448273289371911
GATA6,100,0.05374705848004694,0.23183411845551755,0.10644043832106673,0.10372380704368338
GFI1,100,0.0195349416134096,0.13976745548735442,0.0813315938773195,0.04841381858502839
GLI1,25,0.04063499500625335,0.2015812367415513,0.09215488865022774,0.029895954277714826
GLIS3,100,0.024858025787979493,0.15766428190297094,0.09984645580649838,0.11252022896909245
GSC,100,0.034525640874415564,0.18581076630382742,0.08818431774496686,0.08802086817795318
GSX2,75,0.02978170249014578,0.172573759564268,0.053547601487462335,0.044510938563494126
GTF2B,75,0.026539159444512607,0.16290843883762623,0.02128924221739454,0.005511439307884293
HAND1,100,0.040992825254243644,0.20246684976618676,0.005132322085393392,0.0460215695668076
HELZ2,75,0.05313769156256998,0.23051614165296533,0.25030552373547416,0.1262604763754998
HES4,100,0.0657602911745293,0.25643769452740234,0.017031834311768412,0.02250677548401288
HES5,75,0.01021663646733879,0.10107737861331184,0.07051752146125624,0.07056879783204266
HES7,50,0.11871410284077441,0.34454912979250785,0.15074567387683896,0.1765281100629883
HHEX,50,0.04245998236031073,0.2060582013905555,0.1119216511138478,0.07828769178381427
HIC1,50,0.018173260432090076,0.13480823577248563,0.041600127091478936,0.03386441703827733
HIVEP1,75,0.021570791048071154,0.14686998007786053,0.18859355886936294,0.164240044467253
HMGA1,75,0.03666148862491751,0.19147190035333517,0.05299681000531294,0.036596002119730124
HMGN2,100,0.030517684519312055,0.1746931152601958,0.09360260099141389,0.08238184234813448
HMX3,50,0.03291450485751794,0.18142355100018834,0.06765178231477166,0.06588415011887493
HNF1B,100,0.09459010244090593,0.30755503969355785,0.01627176094966987,0.017353756277361868
HNRNPAB,50,0.21325170924171868,0.4617918462269756,0.045147847993350934,0.034861856830156836
HOXA13,100,0.08219198227927778,0.2866914408894653,0.03392789874720074,0.028249830339707228
HOXC9,100,0.03922107640925099,0.19804311755082776,0.04223758251305114,0.03794015059692686
HOXC13,100,0.07105502464163795,0.26656148379246003,0.020067249287224902,0.014973416189721677
IFI16,100,0.020547511056721375,0.14334403041885413,0.019635303546489298,0.014332954689154177
IKZF2,75,0.023986763595259586,0.15487660764382588,0.04521657967580299,0.035498415202007395
IKZF5,100,0.0490688561602677,0.2215149118237138,0.06266415675974046,0.06072403043192759
INSM2,100,0.040134954700392904,0.20033710265548144,0.10839713511444948,0.08301990502759297
IRF1,100,0.04895695267820883,0.22126218085838534,0.2296061642147707,0.05522789004307014
IRF4,100,0.03593342891820189,0.18956114822980444,0.09118922566093221,0.07038761568521129
IRX3,100,0.024318366331321943,0.1559434715892972,0.04283911828280933,0.038397012803838615
JDP2,100,0.0203598409329727,0.1426879144600996,0.07688138607975949,0.10570748520595001
JUN,100,0.019175643170479834,0.13847614657579058,0.07658060480770597,0.07492871422417856
JUNB,50,0.0778931379500291,0.2790934215455984,0.0312186616722696,0.03164650417057928
KLF2,100,0.03056115022910951,0.17481747689836252,0.08055548405687829,0.08274333454534752
KLF3,50,0.015313365906745976,0.12374718544979509,0.09484716756676115,0.0461121272054789
KLF5,75,0.023904443602452526,0.15461061930686562,0.07275717530206754,0.07760731441454745
KLF8,100,0.011462862165029957,0.10706475687652757,0.1687164035113404,0.1191167771347108
KLF15,75,0.016038333124554587,0.1266425407379155,0.0785711140918958,0.07290636285193494
KLF16,100,0.014358044493084855,0.11982505786806387,0.058738564944903295,0.06476333688355904
LBX1,100,0.04641871690395031,0.21545003342759153,0.0451471767213684,0.045622695266696996
LHX2,100,0.012656333939575054,0.11250037306415946,0.042151689134845335,0.046979979329278304
LHX4,50,0.015474304222491842,0.12439575644889114,0.026445922469356897,0.027162047115893373
LHX6,100,0.016058211957409096,0.12672100045931256,0.032698459748011256,0.027954918467775435
LHX9,75,0.03488862382589354,0.1867849668091454,0.013990305744414153,0.005038607286700014
LYL1,75,0.02182973271807776,0.1477488839825119,0.04206658063390687,0.02870337625426516
MBD4,100,0.017677807010721684,0.13295791443431146,0.030905208237675723,0.024567946952422714
MECOM,75,0.04647882094403426,0.21558947317537158,-0.0018571799142417602,-0.002860657212288708
MESP1,75,0.008978945333561155,0.0947572969937469,0.028759070239232538,0.016859794353584055
MKX,100,0.018921167638952217,0.13755423526359417,0.07595847669442395,0.07372672128204331
MLXIP,100,0.021371815894617535,0.14619102535592784,0.06612552605292302,0.054594061372979584
MMP3,100,0.20234332342138267,0.4498258812267061,-0.007279584840371271,0.005626353213071265
MNX1,75,0.027826389240284306,0.16681243730694756,0.08482200055842148,0.08475764172367178
MXI1,100,0.03402721497720771,0.18446467135255928,0.22786376324615998,0.15251769001033
MYBL1,75,0.025483209805609024,0.15963461343207813,0.15674526762721666,0.10974745602692945
MYC,50,0.035799866164147244,0.18920852561168391,0.2689306646403621,0.15728511842934947
MYCN,75,0.04588416433415659,0.21420589238897372,0.16267856517308735,0.08250825560213915
MYOD1,100,0.015771494049985783,0.1255846091286101,0.032122054747936404,0.024870109712569553
MYRF,100,0.025772061291817777,0.16053679108484067,0.011940934439982004,0.03201059955330074
NCOA3,100,0.013824853490985969,0.1175791371416969,0.037210938228857945,0.03991512119924319
NEUROD1,25,0.024850296152557343,0.15763976704041827,0.18922699922659958,0.21635333223323241
NEUROD2,50,0.0692020655231883,0.26306285470052265,0.09800237311781879,0.12412730161286423
NFATC1,100,0.02330925640367536,0.15267369257234648,-0.011782101832287558,0.00424320340364547
NFE2,75,0.021196408073380114,0.14558986253644213,0.07392661072693744,0.06881533257750802
NFE2L2,50,0.03737845349974568,0.1933350808822488,0.14062151264896028,0.09240863356818296
NFKBIA,75,0.027081237472787012,0.16456377934644978,0.015311130371588072,0.02533822170258863
NHP2,100,0.02027737479758124,0.14239864745699393,0.02563714841174585,0.018403490782309663
NKX1-2,100,0.021580069156313563,0.1469015628109979,0.03898874906509862,0.0346161478617245
NKX3-1,75,0.041068557976208946,0.20265378845757842,0.12934886378855656,0.06949997291065745
NKX3-2,100,0.02315800961429303,0.15217755949644163,0.05180872355200951,0.04056044833338197
NKX6-2,75,0.012653028066190569,0.11248567938271328,0.08488957195745835,0.0661289324994672
NME2,100,0.01435649788381584,0.11981860408056771,0.06179731930751906,0.06217502382082414
NOTO,100,0.016086648622111368,0.12683315269325826,0.06554374674566468,0.06690365656447135
NR2F2,100,0.020621487350953184,0.14360183616845984,0.1104087461642331,0.08455616487349651
NR4A1,100,0.04151109030928399,0.20374270614989876,0.0202456740388038,0.004121991903086252
NR4A3,75,0.03823530607472432,0.19553850279350182,0.023712141444148946,-0.005355376700264728
NSD2,50,0.03827386230803212,0.1956370678272196,0.07172801883579263,0.06597819936436851
ONECUT3,50,0.016347382903592146,0.12785688445911758,0.146591051541885,0.13630336339694554
OSR1,100,0.01982261990703197,0.1407928261916493,0.016416362810591174,0.01644163774904271
OSR2,100,0.02214929188875258,0.14882638169609774,0.023417581752954365,0.02495692609485751
OVOL1,75,0.04837599921125509,0.21994544598889765,0.10362048605697172,0.061074052096050234
OVOL2,50,0.04264574724184703,0.20650846772432124,0.07988799799748385,0.054086091862783806
PARP1,100,0.02215870026618386,0.14885798690760219,-0.013297649148757886,-0.009331159014092602
PAX2,75,0.025754600285957895,0.16048239867959943,0.09069316047939964,0.0956687933709974
PAX3,50,0.02700704686264337,0.16433820877277253,0.03565978970441091,0.041421341719267445
PAX5,75,0.03349271934663761,0.18301016186714225,0.10703236372494387,0.1104357765500203
PDX1,100,0.016227505393336766,0.12738722617804646,0.0449586253802115,0.02240823953494239
PHOX2A,100,0.02154716713885222,0.14678953347855636,0.05312746860977623,0.07308455012349986
PITX1,75,0.011386050902486549,0.10670543989172505,0.03903096776124283,0.03371911512129731
PLAG1,100,0.06322087091789971,0.2514376083999761,0.06671428822227295,0.0815135019559173
PLAGL1,100,0.05427816259392435,0.23297674260304257,0.06255139444111277,0.04521099256101833
POU4F2,100,0.020890360363621005,0.14453497972332166,0.052367891871064096,0.03643506334226491
PPARGC1A,25,0.05978180221508263,0.2445031742433677,0.10060688937976248,0.07725699488671035
PRDM1,75,0.03779157183301361,0.19440054483723448,0.11492063425052983,0.08712641120674643
PRDM16,100,0.028823129133448998,0.16977375867150082,0.02554966184926103,0.030747370510345807
PROX1,50,0.019415396648411305,0.13933914255661006,0.08312678829168367,0.07359450246858294
PRRX2,100,0.015417826277793745,0.12416853980696457,0.026300395922730944,0.03722729960025943
PSAP,100,0.019024645648045062,0.1379298577105228,0.006996247949543194,0.016068424718612407
PTF1A,100,0.01797061628960322,0.13405452729991338,0.03462473709979563,0.031484323439894164
RBMS1,50,0.010072268698139134,0.10036069299351781,0.04433636121042487,0.026054118344676597
RBPJ,100,0.015671554020037257,0.1251860775806849,0.018587256734278444,0.019535730691016263
RERE,75,0.019509982171855976,0.1396781377734396,0.028369944956057602,0.015796720751816297
REXO1,100,0.029585881641814242,0.17200546980202183,0.014843689963975079,0.01706016513493836
RREB1,100,0.01333997759274883,0.11549882074181031,0.1354479847061915,0.14504824989762843
RUNX1,100,0.03262738724768815,0.18063052689866171,0.058631067348022335,0.043908378849341
RUNX2,100,0.04655105886976811,0.21575694396651088,0.01791913404974426,0.015892741734990574
SALL1,25,0.022783937880289023,0.15094349234163434,0.04479431834053009,0.02670112822649897
SALL3,100,0.014069600111475645,0.11861534517707076,0.05835164412321294,0.02966383631963248
SATB2,50,0.010960217691345144,0.10469105831610044,0.03863340213939155,0.034279545276425474
SIX4,100,0.025140953733698262,0.1585589913366576,0.004688522925084053,0.0027349641924390676
SMAD1,100,0.025964735965612124,0.1611357687343568,0.09149216859938843,0.07723120653117196
SMAD5,50,0.02906586601987916,0.17048714326857367,0.07975567278545255,0.051332328493416346
SMAD6,100,0.02188449258672141,0.1479340818970443,0.09236855025680915,0.05137912348523421
SMARCA1,100,0.026224321844433417,0.16193925356266595,0.03634566666816803,0.0330683943023487
SMARCA2,100,0.011832842942708397,0.10877887176611273,-0.02792744898914735,-0.0242169658280936
SNAI1,100,0.02422024851731928,0.1556285594526894,0.07971743540767591,0.07242299374390943
SOX8,100,0.02782933283176381,0.16682126013120693,0.07301156049842897,0.06447266182854798
SOX9,50,0.02788114323580901,0.1669764750969699,0.06368070692573333,0.04262890648558219
SOX11,75,0.07602660076165729,0.2757292163729794,0.07397122338369763,0.06280814850066453
SOX12,100,0.012533013054539775,0.1119509403914937,0.0813688721187384,0.06158317290529194
SOX13,50,0.03381153661847403,0.18387913589767066,0.025261654099838448,0.028075158346885058
SOX15,50,0.024730817109597177,0.1572603481796895,0.05878495093321947,0.037930821772671944
SOX17,100,0.02008454925748385,0.14171996774443554,0.0255473851454552,0.013879341815473975
SOX18,50,0.04669751541833024,0.21609607913687431,0.08577945951838384,0.06445413433078392
SP3,75,0.02200847841206156,0.1483525477100463,0.04145255632125368,0.03200953519008386
SRF,75,0.01893343898732017,0.13759883352456215,-0.007023663522713708,-0.017461680651187635
STAT2,75,0.051964116925701506,0.2279563925967015,0.13149936095877215,0.12244021546216702
SUZ12,100,0.007210111786776824,0.08491237711180169,0.11837357351935321,0.11028100498008646
TBX3,50,0.018078707120496078,0.13445708282011803,0.0603982810669763,0.057197183524965646
TBX5,100,0.040539136109714616,0.20134332894266602,0.1088946396579816,0.08272308242081157
TBX18,100,0.015665204914702174,0.12516071633984113,0.008172817850700512,0.02159788200402725
TBX20,50,0.021283352403316615,0.14588815031837443,0.10341267095899068,0.1023660445232164
TBX21,100,0.041841841710101677,0.2045527846549679,0.07734520656406502,0.0906950135916226
TCF7L1,100,0.013848180519198183,0.11767829247230852,0.010905261942964397,0.008599804657097542
TEAD3,50,0.01272298678224509,0.11279621794300149,0.06699465598830986,0.050488857834714115
TFAP2A,100,0.024691274230563318,0.1571345736321683,0.015206132660476985,0.013390428279317117
TFAP2C,75,0.026862882571957798,0.16389900113166583,0.010108630158727292,0.00785749813494029
TFAP2E,75,0.06377767707471113,0.2525424262865769,0.03641243073052872,0.03260941976904385
TFCP2L1,100,0.016088576155505074,0.12684075116264912,0.039936426249104734,0.049745524910576544
TGIF1,75,0.026211123763485354,0.16189849833610365,0.024228830327018464,0.01461912083460944
THRA,100,0.01694183346752522,0.13016079850525358,0.1579971801485676,0.1274866982322835
TLX1,100,0.03600835277619443,0.18975866983143203,0.11252627979275323,0.08892545546179105
TONSL,100,0.014980111899881863,0.12239326737971278,0.0613299825853222,0.05663925631616936
TOX,100,0.00879848212873731,0.0938002245665612,0.06115701167314101,0.06267399962621353
TP73,100,0.07120778352104526,0.2668478658731324,0.03712969392144151,0.03699160357660732
TRIM22,100,0.017887381174215896,0.13374371452227538,0.016518157444136834,0.022542407510004928
TRIM24,100,0.018916227229562797,0.13753627604949464,0.0497686816883556,0.0445524220008186
TRIM28,100,0.01360536234458522,0.11664202649382091,0.14173462854528687,0.15251929972116116
TSC22D1,100,0.015836734466460445,0.12584408792812019,-0.009431282194068028,-0.0008234227077330694
TSHZ1,100,0.03660932004173716,0.1913356214658869,0.0058560210277657536,0.0021244832962371415
TWIST2,50,0.022228595110900317,0.14909257228614817,0.04409639260760586,0.045427825114493794
VENTX,100,0.027020819546046383,0.16438010690483926,0.024356328003157575,0.024117738399875903
YAP1,75,0.008083414852724766,0.08990781307942468,0.18731885743222043,0.18549495153626286
YBX1,75,0.04468569331962387,0.21138990827289714,0.017834965425389804,0.01873164028586328
YBX3,75,0.10095971648201099,0.31774158758653387,-0.016325478786194704,0.04881202413242332
YWHAZ,100,0.017832793237877672,0.1335394819440216,0.14083461829255167,0.11301386748071449
ZBTB7A,100,0.024655094838167933,0.15701940911291168,0.04754121598764872,0.03825280196375243
ZBTB10,50,0.0212722808706787,0.14585020010503483,0.07095735871739065,0.06477706985892949
ZBTB18,100,0.030632347864188208,0.1750209926385638,-0.00467089146077674,-0.0016854781949479682
ZBTB37,100,0.005479472919271302,0.07402346195140634,0.005026255298221057,0.0006822708915914187
ZBTB42,100,0.048984010943538235,0.22132331766792723,0.02672150674829362,0.018399122695669977
ZEB2,50,0.04153420181507879,0.20379941563968917,0.08996513870435277,0.06851000691107169
ZFP36L2,75,0.013618283651304764,0.1166974020760735,0.05433127464184131,0.05940730613336541
ZFPM2,50,0.015309488889718895,0.1237315193866094,0.06526134547574877,0.052941707943717775
ZIC2,100,0.02794732371759992,0.1671745307084782,0.04319100827939844,0.029298465718093837
ZNF136,100,0.030031672073820858,0.17329648604002582,0.05441041270593534,0.04242223767225371
ZNF286B,75,0.029547496252319533,0.17189385170016852,0.05509800970026628,0.0493984195275904
ZNF296,75,0.025212593043266174,0.1587847380678199,0.19401366800429298,0.1945629987794014
ZNF618,100,0.013244877988645792,0.11508639358606122,0.13818289003161344,0.12253742823560185
ZNF777,100,0.01661739825619535,0.12890848791369539,0.04039604975673213,0.01923791605594004
ZNF827,25,0.035776252939923404,0.1891461153180879,0.01567898956433247,0.016282842568499465
