perturbation,mean_cor,mean_sqrt1mse,lambda_min,lambda_1se
AFF1,0.132202800261355,0.100854947745473,0.0648994924755866,0.139821717954867
ALX1,,,0.0978298115355827,0.0978298115355827
ALX4,,,0.122901890706903,0.122901890706903
ARID1A,0.0936926386218249,,0.122631868994761,0.179998967497636
ARID3A,0.0304800768009691,,0.0878864537465755,0.128999672443124
ARNTL,0.0477032850606579,,0.0930963422321027,0.136646742946574
ATF3,0.138814216526501,,0.0655839867451806,0.207394776149064
BARX1,0.0909406904011021,,0.0624442900984703,0.134532144782559
BBX,0.0220175048539996,,0.0863903195461494,0.126803647759475
BCL11A,0.0895902270478107,,0.0934807609377943,0.137210992441248
BCL11B,0.0411132499695442,,0.0966770015447173,0.141902432063234
BHLHE40,,,0.0949070408853048,0.139304485103628
BHLHE41,,,0.112842515511962,0.112842515511962
BID,,,0.120337633254743,0.120337633254743
BNC1,,,0.0836266133790877,0.122747081871539
BNC2,,,0.0824744842389925,0.121055987563501
BPTF,0.0531240705788364,,0.0980712978007959,0.143948979086754
BSX,0.163743341695654,,0.0545403873884777,0.172471848615512
CARHSP1,,,0.103528099987219,0.103528099987219
CASZ1,0.053339294172583,,0.104571670880304,0.153490221932126
CDX2,0.107764810308849,,0.0702439185432055,0.151335934873256
CEBPA,0.096437689991048,,0.0767897266547332,0.165438450943023
CEBPB,0.0682655166649561,,0.111384587844019,0.163490216461837
CREBBP,0.0882856666459,,0.0822081777983625,0.177112150053101
DLX2,,,0.122250133964057,0.122250133964057
DLX3,,,0.0552093210868244,0.118944876562563
DMRT1,,,0.0903473399880876,0.132611759466117
DNAJC1,,,0.117916198639157,0.117916198639157
EBF2,0.0851509545719436,,0.0931631718319866,0.200713969228233
EBF3,0.100471085466828,,0.084591647054531,0.182247178901215
EGR2,,,0.103895853970435,0.152498258366774
EGR3,0.106809142943285,,0.0729598115697096,0.157187149023972
ELF4,0.104674509946385,,0.0803832429247109,0.173180447054257
ELK3,0.0926125736455593,,0.0715683327338396,0.154189298749528
EOMES,0.169300504276489,,0.0662744080509734,0.209578080020477
EP300,0.18493530020145,0.156393086972287,0.0485816500040462,0.104665992067705
EPAS1,0.0803506621148723,,0.0620447287976193,0.133671316055211
ESX1,,,0.121923753293245,0.121923753293245
ETS1,0.204595895170478,0.176536163422236,0.0626137067472543,0.134897141887768
FEZF2,0.0648143653065581,,0.0816748675492137,0.175963167951785
FLI1,0.136912576416389,0.121403421436861,0.064841987009583,0.205048366961333
FOSB,0.328959243000948,0.312052812787173,0.0406898208193861,0.128672511373399
FOSL1,0.0834678014152062,,0.0847294185783295,0.124365778535316
FOSL2,,,0.0849656242101377,0.124712480988692
FOXA3,0.0809223978228122,,0.074269684171452,0.160009183996688
FOXC1,,,0.0860411049423631,0.126291070819794
FOXC2,0.0641386186514121,,0.0735262668243457,0.158407539874911
FOXD1,0.0884253205622791,,0.0987065638006847,0.144881422056136
FOXD2,0.10059756062772,,0.0728737708046395,0.157001779814948
FOXD3,0.038890725925765,,0.084273921609376,0.123697200417882
FOXE1,0.0874424578439619,,0.0749718975375377,0.161522056832387
FOXE3,0.0370649599404638,,0.0725978649532507,0.156407358677533
FOXF1,0.251253953883179,0.255531136992908,0.0455839660280994,0.0982076777201723
FOXF2,0.208973799591415,0.208236608316505,0.0533233125421748,0.247504892067003
FOXI3,0.246502988507848,0.235347672809926,0.0526057658116655,0.244174335175076
FOXJ1,0.114397568683862,,0.0780290708790386,0.168108537132758
FOXL2,0.254481379010604,0.218149240344296,0.0555995168397975,0.25807009651787
FOXP4,0.161158000653535,,0.058257082544334,0.184225070676533
GATA2,0.126910563062522,,0.0679013598355813,0.214722953303113
GATA3,0.320673645758284,0.300873794049708,0.0442815401296321,0.140030525109785
GATA4,0.193327280736197,0.163616378130799,0.062516334973692,0.197694009482909
GATA6,0.173198942815611,,0.0544691059189467,0.172246436816831
GFI1,0.0576121341596415,,0.0662927770343705,0.142823458541397
GLI1,0.136414895993448,,0.0586644471761999,0.185513270751425
GLIS3,0.169017515951697,,0.0573345434202259,0.181307745813734
GSC,0.143176837897513,,0.0527278238129226,0.166740019312899
GSX2,,,0.0880538187200793,0.129245330628659
GTF2B,,,0.120729618926214,0.120729618926214
HAND1,,,0.0568336194019019,0.122444321199527
HELZ2,0.420534407424136,0.402957686595995,0.0287662511479242,0.0619750093752574
HES4,,,0.121541161722383,0.121541161722383
HES5,0.0933267575207984,,0.0923932366966965,0.135614725156644
HES7,0.240886688072475,0.221319025112385,0.057642527486101,0.0846076596279841
HHEX,0.243763191766097,0.207114278441734,0.0636722715745867,0.137177750673421
HIC1,0.107048914139755,,0.0759247675521685,0.163574953046999
HIVEP1,0.21228969073812,0.212022232932601,0.065534458355466,0.304184010119593
HMGA1,,,0.13437850206252,0.13437850206252
HMGN2,0.132221915142266,,0.0827290575211376,0.178234351397182
HMX3,0.0650445045402008,,0.069801673707105,0.150383147256873
HNF1B,,,0.0879466490691466,0.129088027093509
HNRNPAB,,,0.0922547614618867,0.135411471308406
HOXA13,,,0.0638480909342461,0.13755654200105
HOXC9,0.0576252857946084,,0.0710125207803159,0.152991838195723
HOXC13,,,0.0820853986706625,0.120484888051264
IFI16,,,0.154407434283618,0.154407434283618
IKZF2,,,0.0813535993937467,0.119410753608561
IKZF5,0.0812688748282382,,0.0721170703915187,0.155371518194959
INSM2,0.127578905937133,,0.0904031923291965,0.194767773643645
IRF1,0.369597812966783,0.33156733291726,0.0473897181961467,0.219963586807291
IRF4,0.103687268761506,,0.067841657722567,0.146160420826768
IRX3,0.0540702383492504,,0.0850604751512468,0.124851703130585
JDP2,0.0855844538806232,,0.0633120164222272,0.136401604475915
JUN,0.09728527381399,,0.0714180152564426,0.153865449561706
JUNB,,,0.111154596910563,0.111154596910563
KLF2,,,0.111286391634543,0.111286391634543
KLF3,0.09698813901057,,0.0868944066483471,0.127543546438898
KLF5,0.14783261775805,,0.0710288700953102,0.153027061727105
KLF8,0.196303148981588,0.171446424543448,0.0668445546123971,0.211381041754688
KLF15,0.0602350168617453,,0.0593752559732491,0.187761045530985
KLF16,,,0.076911076991044,0.112890022479479
LBX1,,,0.125835016821617,0.125835016821617
LHX2,0.0795540924503691,,0.0773040282109888,0.166546480056958
LHX4,0.0913022044196389,,0.0738921283384936,0.159195764612739
LHX6,,,0.119676771338208,0.119676771338208
LHX9,0.0787069866785282,,0.0972697528424601,0.142772471983943
LYL1,,,0.0617574047259164,0.133052295107853
MBD4,,,0.103578578352502,0.103578578352502
MECOM,,,0.127442366150813,0.127442366150813
MESP1,,,0.113527687065718,0.113527687065718
MKX,0.142474084020325,0.135604497151992,0.0517523566336458,0.163655321243645
MLXIP,,,0.0888934951121509,0.130477807021981
MMP3,,,0.112539477753594,0.112539477753594
MNX1,0.103113838163479,,0.0629422460477671,0.135604958353832
MXI1,0.315511114809607,0.303454746865837,0.0373646952680565,0.0804997956679712
MYBL1,0.193139884931596,0.173450383205981,0.0483124145670429,0.0709129267185594
MYC,0.446630260313345,0.426987843892867,0.0373375717479787,0.0804413598153998
MYCN,0.289255804783432,0.262943541503091,0.0458429222711996,0.0672882077353222
MYOD1,0.0451790269462933,,0.0768464675053582,0.112795188723708
MYRF,,,0.118000144813749,0.118000144813749
NCOA3,0.0991451859132236,,0.0774428487116149,0.166845559759194
NEUROD1,0.243467816539744,0.227411463246624,0.0605290591795468,0.191409691634491
NEUROD2,0.153044604441198,,0.0770052061240498,0.165902687386709
NFATC1,,,0.147919141053731,0.147919141053731
NFE2,0.10680176513339,,0.0689812447729048,0.148615586700327
NFE2L2,0.149238553256075,,0.0521407117474947,0.242015745423794
NFKBIA,,,0.0932175067553487,0.0932175067553487
NHP2,,,0.100911685656615,0.100911685656615
NKX1-2,,,0.0647755839495723,0.139554765128031
NKX3-1,0.215440451361447,0.158592812902364,0.0601809702036826,0.129655969886589
NKX3-2,0.0849386348811752,,0.0627450362968232,0.135180082825186
NKX6-2,0.0853403679792718,,0.0691779495519706,0.149039374300041
NME2,,,0.121812396860996,0.121812396860996
NOTO,0.071891191264993,0.0758214781235596,0.0476757738122881,0.150764034457839
NR2F2,0.133596258397051,,0.0552208305219525,0.174623598735515
NR4A1,,,0.0939513565219761,0.137901732295057
NR4A3,,,0.0997262508863034,0.0997262508863034
NSD2,0.1264710437911,,0.0757722541408367,0.163246372862931
ONECUT3,0.202257088717044,0.191136560393531,0.0572006606617316,0.265501947802767
OSR1,,,0.112726751695188,0.112726751695188
OSR2,0.0521823186915262,,0.0942387768481765,0.138323607639353
OVOL1,0.163708172094022,0.146435417824369,0.0535088706552183,0.115281367164031
OVOL2,0.148756623171209,,0.0677075885438348,0.145871577537243
PARP1,,,0.10739405593176,0.10739405593176
PAX2,0.149899735258959,,0.0752174112102086,0.162051000005667
PAX3,,,0.112284023800004,0.112284023800004
PAX5,0.168757342664794,,0.0540539296593736,0.17093353420615
PDX1,0.0392778766765233,,0.10319464041544,0.151469017624305
PHOX2A,0.119566913763923,,0.0574761736772543,0.181755620011539
PITX1,0.0302913597949745,,0.0811993226101893,0.119184306258644
PLAG1,0.0932934048100099,,0.0799285002046057,0.172200733563023
PLAGL1,,,0.0619176807079005,0.0908827263959136
POU4F2,,,0.0916565027368442,0.13453334758994
PPARGC1A,0.233837049309678,0.200148266401211,0.0447267287111126,0.141438335015563
PRDM1,0.218551821152672,0.200509491391308,0.0654208627948441,0.096024694497476
PRDM16,,,0.115892257903642,0.115892257903642
PROX1,0.072271050154476,,0.064080215819688,0.138056639906666
PRRX2,0.0621399248240815,,0.0572937617849413,0.123435667911901
PSAP,,,0.0928098997737507,0.0928098997737507
PTF1A,,,0.0886671752719971,0.130145614926355
RBMS1,0.126214600844963,0.11535034011826,0.0595178994075861,0.188212123676759
RBPJ,,,0.111098358022943,0.111098358022943
RERE,,,0.0742609159124713,0.109000117989269
REXO1,0.0379910351301143,,0.0887800975222997,0.130311362122648
RREB1,0.153558846994329,0.11980764401642,0.0764607553277037,0.164729703704045
RUNX1,,,0.0814074361342741,0.119489775136878
RUNX2,,,0.125106413817832,0.125106413817832
SALL1,,,0.120021515964213,0.120021515964213
SALL3,0.13348277546598,,0.0761968421044933,0.164161119900802
SATB2,,,0.105945035898485,0.155506046099991
SIX4,,,0.103648424563283,0.103648424563283
SMAD1,0.14484459707006,,0.0632590650739109,0.200042728286366
SMAD5,0.153653179676349,0.140748748320359,0.0644253641641735,0.203730889844578
SMAD6,0.172859689833176,0.14379574425887,0.0478794648602422,0.151408162108361
SMARCA1,,,0.113497721015225,0.113497721015225
SMARCA2,,,0.117936521071777,0.117936521071777
SNAI1,0.125897962423159,,0.0573867473100238,0.181472829008216
SOX8,0.063803116258665,,0.0869127438101546,0.127570461711569
SOX9,,,0.0829433173822856,0.178695960274721
SOX11,0.0678560325961235,,0.0682996614796583,0.14714716000921
SOX12,0.0991606698802863,,0.0823330501700092,0.120848390740631
SOX13,,,0.0873495553438059,0.128211613360752
SOX15,0.0887505239639045,0.100214300457344,0.0459658885069537,0.14535690235533
SOX17,,,0.119473455361487,0.119473455361487
SOX18,0.103842470863648,,0.0976419569104648,0.210363219170504
SP3,,,0.122746362912256,0.122746362912256
SRF,,,0.0820596365726338,0.120447074462645
STAT2,0.177286078018227,0.172048052743338,0.071578106698782,0.15421035611866
SUZ12,0.120861748240494,,0.0682513771927974,0.215829805372509
TBX3,0.105308734458616,,0.0824213474091074,0.120977993363512
TBX5,0.114533431424665,,0.0548100600987883,0.173324628602885
TBX18,,,0.0837336183932641,0.122904143752979
TBX20,0.201785164679653,,0.057682508030403,0.182408106527027
TBX21,0.0512105796949468,,0.0923607686925314,0.135567068643909
TCF7L1,,,0.121888239171884,0.121888239171884
TEAD3,0.184365238786249,0.19207591413627,0.0501014709412311,0.107940347017413
TFAP2A,0.0712936668729491,,0.0956090724563025,0.140334926529386
TFAP2C,,,0.107007852138144,0.107007852138144
TFAP2E,,,0.124376915186348,0.124376915186348
TFCP2L1,,,0.125954117550592,0.125954117550592
TGIF1,,,0.1162781201143,0.1162781201143
THRA,0.194375423204385,0.14118083457703,0.0603038131975182,0.279905505961872
TLX1,0.115014349903468,,0.0722305225135836,0.228412967726995
TONSL,,,0.120630127726284,0.120630127726284
TOX,,,0.0903730697549028,0.132649525599005
TP73,,,0.0876921328846399,0.128714448424292
TRIM22,,,0.0997732800934904,0.0997732800934904
TRIM24,0.0871367838248713,,0.0778460733213927,0.167714280846374
TRIM28,0.162798949498126,,0.0827847520903354,0.261788372137845
TSC22D1,,,0.0796177297805389,0.116862845461607
TSHZ1,0.0518420223063673,,0.089427076612823,0.131260997557884
TWIST2,,,0.0920832675280706,0.135159752637949
VENTX,,,0.0931622162702032,0.136743432811453
YAP1,0.241669190421311,0.206716475825781,0.06020412503949,0.129705855468094
YBX1,,,0.109836586687308,0.109836586687308
YBX3,,,0.113743674491343,0.113743674491343
YWHAZ,0.19879834936728,,0.05093069534045,0.236399346780367
ZBTB7A,,,0.0842642968164241,0.181541924192447
ZBTB10,0.076449063787834,,0.0831126343058833,0.179060742528529
ZBTB18,,,0.116077099526581,0.116077099526581
ZBTB37,,,0.0687928112841417,0.148209619055372
ZBTB42,0.0736459946890447,,0.0817702585695961,0.12002232564172
ZEB2,0.111557037958294,,0.0770235587127458,0.165942226840447
ZFP36L2,,,0.121081744461819,0.121081744461819
ZFPM2,0.084609951756638,,0.103251507250526,0.151552486723197
ZIC2,,,0.107339654538224,0.107339654538224
ZNF136,0.0713075535141576,,0.104839670947269,0.153883592234141
ZNF286B,0.125729284841821,,0.0689825392396405,0.148618375544367
ZNF296,0.273430168512995,0.250390658930025,0.0406332826830675,0.0875417537822725
ZNF618,0.154263954061689,,0.0597628289332013,0.0597628289332013
ZNF777,0.0894449530868004,,0.0604216118770806,0.130174416655625
ZNF827,0.103571131568536,,0.064297516610261,0.138524800268048
