perturbation,KNN_RMSE,KNN_Pearson,XGBoost_RMSE,XGBoost_Pearson,MLP_RMSE,MLP_Pearson,ElasticNet_RMSE,ElasticNet_Pearson,ElasticNet_1024_RMSE,ElasticNet_1024_Pearson
AFF1,0.10059227713305828,0.027887103570407162,0.1003691153340555,0.0167490203105762,0.1115119468955295,0.0308695809348752,0.10033080107449763,0.04078963410458332,0.1002592306429447,0.05307926932771674
ALX1,0.11256999613434915,-0.0008250891014557865,0.1118950055141176,-0.01444277136309,0.1316326353656441,-0.0419790199650657,0.1117386309169168,0.02074802173824682,0.1117565269841206,0.0062290076598877
ALX4,0.13860634023285848,0.0017643928535075071,0.1373681134720638,0.0039235493259791,0.1588146331545145,0.0138645947526685,0.13772356693938362,0.01127965305410068,0.1377239348176862,-0.013307642444430876
ARID1A,0.14753368434131786,-0.011906137753091083,0.146335284406389,0.0266099276313463,0.1741533163852762,-0.0576530717930402,0.146229776920741,-0.031494171037331126,0.146217417669055,-0.01544033927911945
ARID3A,0.09372523139550322,0.028586482856328387,0.0932203024307238,0.044144590550966,0.1090102008802106,0.0031172670462256,0.09316884809796684,0.054629382096310866,0.09323854422108036,0.03864042412286044
ARNTL,0.1626614219073571,0.004615150991157002,0.1615969938692401,0.0435343341970224,0.1835532069429819,-0.0158261353861553,0.1615841040488458,0.048343394351807775,0.16160833165444438,0.05335484715609797
ATF3,0.10617248709612974,0.0982786248480524,0.105951851564712,0.1031148063437106,0.1122226728123388,0.0189692685946324,0.10514651914055506,0.10266611578568967,0.10535432309400379,0.0867085395494142
BARX1,0.20995531214194713,-0.02094188336898651,0.2086393163673519,0.0001179291521791,0.223356017623574,-0.001223165162362,0.20854655213291678,-0.0317960167226394,0.2085311697046154,0.0180112632188082
BBX,0.3129923577712305,0.01768889476775145,0.3100496947131738,0.0165654090907568,0.2923086312286374,-0.0230983906432073,0.30547145662188,0.04551478589583726,0.3054915612613564,0.001972541710027996
BCL11A,0.26002095459194435,0.017014337680693513,0.2579973114034011,0.0013118270103255,0.2629530258626265,0.0205566892192641,0.2575440843365556,0.04178180290887856,0.2577124116573182,-0.007769309374118766
BCL11B,0.3079286694470097,0.06966852395210386,0.3069945617200669,0.0744604807307077,0.3176998868946403,0.02157048740486,0.306789995017327,0.08495814067405713,0.3074579012734144,0.060117707713045386
BHLHE40,0.14114979591985258,0.02721592001607548,0.140741589536688,-0.0032221927029764,0.1574308631922379,0.0163745415108821,0.1405334344998266,0.02725049263855186,0.1405749344618254,-0.011065637926439002
BHLHE41,0.14278867319822303,-0.005361958416049247,0.141652749390282,-0.0374515353547142,0.1626822706922291,-0.0017798002423275,0.14125364895218478,-0.034798186924051,0.1412448658345752,-0.011166841786669567
BID,0.11326232205256599,0.04417426414521421,0.1115008994215537,0.0203495838001224,0.1003603914218159,0.0430046236746045,0.10461176988194451,0.01353275457849562,0.10460751019198425,-0.016317681867256
BNC1,0.09754599160312868,0.019430923770894698,0.0972549905448309,0.019229458719068,0.1114150565835876,0.0008932407775512,0.09723512206687299,-0.01132972232917405,0.09723041021016668,-0.0288893184720972
BNC2,0.12767715046390296,0.018189228085470945,0.1271905346171786,0.0183979049870077,0.1501874017376517,-0.0036013544303238,0.127055573573655,0.041994338503727816,0.1270800590974704,0.04277205042707312
BPTF,0.13253347100919588,0.005834390860204477,0.1319777569838984,0.0070221763062962,0.1511138559207263,0.0249517808751541,0.131865443181972,0.023980682150133062,0.131890722050094,-0.008879499724327765
BSX,0.18932725148506158,0.10065823531689685,0.1884667341739624,0.1256304308368835,0.2112765521128349,0.005797061775816,0.18870064445386542,0.11820144088028224,0.1889110135152088,0.1097832015518427
CARHSP1,0.1711505022107266,0.014505377226417074,0.1546077805580336,-0.0048562496188491,0.1273316810921003,0.0023578894958722,0.14270036698443592,-0.01280785769305898,0.14419218738766562,-0.0028252317296994798
CASZ1,0.25909457334077945,0.020851790281734416,0.2564344769918198,0.0043561090790286,0.2559618804798889,-0.0247296451833934,0.2570261138893382,-0.017592804698302534,0.25693886081886524,0.02282952803452246
CDX2,0.16862123113626964,0.04672376487577249,0.1679359842580096,0.0321038990619885,0.1975058769695153,-0.0133200694050955,0.1678576746571744,0.0400332503437623,0.168039276085328,0.0060952010261554395
CEBPA,0.22328893667315527,0.024951919618118164,0.2222519540158166,0.0284397327019177,0.2211913034369514,0.0610701287280807,0.22169478248758479,0.020837508206445803,0.2214140764651336,0.040918168514764
CEBPB,0.20706420755107535,0.032062651250882326,0.2054580694448805,0.0480492403032188,0.2212766712345981,0.0264751528466158,0.204473198943344,0.0767682671153418,0.2049679165488884,0.03131756491104004
CREBBP,0.10692009372600214,0.027551889877108972,0.1064100488663545,0.0295466750535028,0.1135659290718936,0.0260031364646642,0.10633253136316667,0.03617353180016776,0.10636323704823865,0.008877627827303666
DLX2,0.1157140117812159,0.014609409046641608,0.1152923966278686,0.002675031075996,0.1348111586275764,-0.0860766171030296,0.1150088235341384,0.02219206331496908,0.1149842338951462,0.03784562132389418
DLX3,0.1667126322137889,0.05459730900444484,0.1661705995097568,0.0190466732461652,0.1755539422307237,-0.0245392968623385,0.16563347820794222,0.0505013351928982,0.1657086536998388,0.013132514159385
DMRT1,0.15731055967123825,0.010490355628828751,0.1563484127311064,0.0175646611272451,0.1617495302084759,0.0501039699903497,0.156603959590852,-0.00491298904474555,0.1565769791828326,0.03679717249517523
DNAJC1,0.13583450640791725,0.02331007148148912,0.1294699720098554,0.0010912091766518,0.120850162877469,-0.0075112458664212,0.12345403167639339,-0.016066334365292322,0.12338403344812994,0.0079066408908604
EBF2,0.13565940972225388,0.04835662169106097,0.1354667716546987,0.0111500854141543,0.1577921032269045,0.0369832032038936,0.13531347635314522,0.020762501458195602,0.1352899928594,0.020534174948825777
EBF3,0.19106221447265828,0.06095892515576483,0.1902355988985344,0.0839175440657025,0.199478576922862,0.0364019512470937,0.19030224797613943,0.0675188216835676,0.1906838810255204,0.024999345602466024
EGR2,0.14615830730990348,0.0492920146915435,0.145627016498562,0.0519444880443031,0.1529568254579061,0.0175548017187198,0.1457121272750586,0.05596673886669158,0.1456976289412088,0.04208315206554534
EGR3,0.15601581170805198,0.07486400478626407,0.1546855041465117,0.1001803429286208,0.1691696850088504,0.0188275244970965,0.1546477986688492,0.10972565687138887,0.1544456387605114,0.12234272959140109
ELF4,0.11076428111477812,0.04382169470086156,0.1104607297671359,0.0374650134805976,0.1265588887530425,-0.021908826481406,0.1104219900159914,0.058371815997911705,0.1105597501796336,0.00801795455338138
ELK3,0.09024773323972025,0.06376292118714198,0.0896355077013176,0.0447660664936881,0.0986415737217419,0.0006562206401916,0.08944472519872168,0.0748480988984911,0.08963695659265913,0.0359096837300108
EOMES,0.36473431734793504,0.021708787213246355,0.3629518182126142,-0.0020189878392772,0.3697852095625986,0.033371711700451,0.3591432951391864,-0.0441212866708661,0.3591573353000418,-0.015291637921850926
EP300,0.1396837573562408,0.08310440967662781,0.1394844113970113,0.0607182524956389,0.1639498994936785,0.004560966341077,0.1393327412969704,0.08609630454649878,0.1395589169390718,0.06942919450275446
EPAS1,0.09757239342049469,0.10211586857525812,0.0947744050807008,0.0880165667527955,0.0968035522088485,0.0487542954455142,0.09561656882672238,0.0930687290788655,0.09574398106780534,0.07763675898440496
ESX1,0.19288956326747464,-0.0010643273579985083,0.1911349914326192,-0.0005129619686627,0.2064107115815711,-0.0452514613617585,0.191388944291036,-0.028932253945361752,0.1913758529782918,
ETS1,0.19046164199493426,0.09132663527842583,0.1900345344409118,0.094914576295845,0.2114454960290115,0.0306455436189737,0.189753779182727,0.09329746860508038,0.18974724200605558,0.10353045121984339
FEZF2,0.1722364280110541,0.021354127158462483,0.1714135284784562,0.0381183740542026,0.1998919643305695,-0.0444812660400667,0.171140518642541,0.02872677277111188,0.1711139905385488,0.03140366916906634
FLI1,0.24388568574416444,0.016006662334908956,0.241949144737728,0.0377510963135868,0.2717296444665121,-0.0012484275003625,0.2418384865868636,-0.008372927002317,0.24144218061569198,0.04962442362649808
FOSB,0.15371356341145773,0.17926764024667047,0.1521765031697764,0.1981917364973522,0.1651663048959345,0.0687486693688874,0.1532160275004962,0.18331304937734058,0.15203057625951702,0.22240649766863257
FOSL1,0.12301259490314649,0.05607218061089865,0.1226940015089335,0.0568716793880583,0.1335965250487104,-0.022820104630546,0.12276767497181659,0.05758242018840348,0.1228656474952646,0.04064006210888354
FOSL2,0.1840056338230816,0.042143566431687776,0.1835495737293718,0.0449441017735072,0.2089564692298928,0.0218330613380175,0.1835375939702216,0.057496107409115815,0.1837679085769364,0.05352050982374349
FOXA3,0.20368432758752153,0.06824768982456407,0.2034519085183437,0.0113010898178525,0.2407416449809262,0.0141433904820547,0.2035604152386164,0.028758289708311457,0.2035735566819044,0.01993381824113214
FOXC1,0.21585184036468535,0.014167269487304679,0.2152119252203666,-0.0097684150805498,0.2218436769198435,0.0420978476503388,0.21497833570905378,0.0017081584960949667,0.2149747546426116,-0.0094784180462413
FOXC2,0.3159222057271319,0.016126712986316093,0.3146867783408171,0.0179012615925578,0.3156382785011011,0.0238659079285483,0.31443025049933243,0.02235196113614734,0.31449976985275957,0.006387982417228299
FOXD1,0.13360959555394955,0.03774089644274479,0.1335434812857288,0.0075738721308159,0.1352511561112754,-0.001013348254896,0.1323673811516996,0.03471361477334358,0.132410493150325,-0.041268144833311
FOXD2,0.1220679799066909,0.015924490950973792,0.1210718652044633,0.0362921548278951,0.1408693746444984,-0.0749116619735441,0.12080243227168,0.08059466339387225,0.1209594436819574,0.08639573839317935
FOXD3,0.21734540409243014,0.009306038635213086,0.2160659866627622,0.0499200910845034,0.2356418283039239,0.0407660572109552,0.2162382847725192,0.0372510383738707,0.21638462268662823,-0.059425314943072
FOXE1,0.25288483452069793,0.03315216430611588,0.2508789959827004,0.0337262326664347,0.2679109067008739,0.0447869535633961,0.2500006602451024,-0.0330286973497106,0.2499750954608964,-0.0256177625871315
FOXE3,0.16155418016374762,0.06287614310004938,0.1609602694978009,0.0763123921088518,0.1786094256330425,0.0785103005656767,0.16089305366051,0.08447607236675542,0.1611422487172458,0.06286237151572131
FOXF1,0.18367969869938783,0.12222766654847819,0.1824015447233744,0.1436958302823123,0.2004581874139259,0.0423985920439772,0.1825960380044136,0.1441480557735802,0.18255703376583302,0.1546659135186176
FOXF2,0.14611752570199543,0.1187793912807347,0.1453438276430989,0.1296881130237731,0.1624889815731884,0.0579789920005251,0.1450848998846094,0.148489496533485,0.145107837530292,0.146731232802337
FOXI3,0.17203512812829982,0.10159335018284085,0.1714985058476051,0.1159743406125912,0.191448669131767,0.0510237823014213,0.1716856969676962,0.10630323851470629,0.1711523755214246,0.1312359011331268
FOXJ1,0.2566047768430108,0.04506378286385247,0.2509539801540922,0.04657800343701,0.1914429079170447,0.0523930608456902,0.2325821795007422,-0.0240032440160625,0.232601823362798,-0.02664920675625225
FOXL2,0.15651233786001795,0.10172423050071452,0.1557784917765805,0.1059191956034004,0.1783975369838963,0.0237056257435152,0.1552682946111096,0.12059998749577083,0.1549791001440658,0.13273450318802724
FOXP4,0.15097884210619103,0.029511558096194473,0.1494892698527991,0.0817010937442208,0.1715214062661685,-0.003848568486241,0.149545649766056,0.07600194848875992,0.14949223254864757,0.07705307145627587
GATA2,0.27862104147097294,0.08087897363183899,0.2748528051321335,0.1152248189036899,0.2825983023316049,0.0353064947775024,0.2758363359866286,0.08614301768104302,0.2743131515256566,0.1386976691281971
GATA3,0.14423105022820754,0.1314701584060986,0.1432747857157452,0.163817921905583,0.1649098705358055,0.033774195551552,0.14403682127778059,0.1347080389654732,0.1433579652992554,0.16869174535618062
GATA4,0.2125310302001131,0.0816926740410559,0.2121821405314439,0.0871644712106321,0.236970585485328,0.017697615521692,0.212157704769601,0.07733124947171544,0.21249844776778679,0.04687249181227706
GATA6,0.23212707631327764,0.0984917477970679,0.2318575012971598,0.0752126682107125,0.276074813154118,0.0249525995828656,0.2316244206182454,0.09751830223538085,0.2317321637722684,0.09519110088542931
GFI1,0.13983047974681662,0.037100117891582976,0.1385596012153646,0.0512755659599291,0.1750084298430881,-0.0233291055474473,0.13871556606729019,0.06415009116428919,0.1386652275675302,0.05497301549371429
GLI1,0.2010430455439726,0.0769114226121623,0.2007092268911137,0.0390920245459024,0.2026671762343304,0.025533840076439,0.2004453582756886,0.0668740579639327,0.2005264366399208,0.05421586955108256
GLIS3,0.15910849227970666,0.0519938769521547,0.158009043921301,0.0540699285150152,0.1738890825700891,0.0085055947370287,0.15783138004991798,0.07312128990753157,0.1580330663670006,0.051844063305050495
GSC,0.1863556533466808,0.058935038160027195,0.1853450627364928,0.0826143125950673,0.2044115726245344,0.0135133857899486,0.185158223923255,0.10019247596503185,0.18487076957472862,0.11885000267328116
GSX2,0.17239669660557297,0.05472732162191907,0.1718241389842302,0.0736222382056302,0.1930063966151604,0.0354342836603235,0.17174680615071541,0.07279442317294228,0.1715945067805894,0.0852539580905997
GTF2B,0.16210203816269703,0.05476016946236082,0.1606799079461783,0.0751088533675509,0.1726068614488508,0.0511999319705014,0.16032080164162402,0.08395303440451293,0.1607524230439618,0.032575407818094385
HAND1,0.20287395548030637,0.05287470048807626,0.1947833614516318,0.0453411494472179,0.1528400082308018,0.0796939353863287,0.19437383578135542,0.057663705441073465,0.19461220194353798,0.029867636170943356
HELZ2,0.230577350843161,0.25093866022526856,0.2272105512790194,0.2882838454361488,0.231823596480286,0.1812064315015374,0.23000979795197382,0.2437649719279856,0.2230654699195968,0.3423591272642676
HES4,0.2577387020075015,-0.012211719924807731,0.2174239587691189,-0.014874397525785,0.1674903204513484,0.0229224317068708,0.21138769094869542,-0.0195843661550617,0.211400646028298,-0.020321207139888966
HES5,0.10116808639333112,0.06028264370577504,0.1010083267972652,0.049789899274759,0.1182775169639551,-0.0195015173970663,0.10113123723974562,0.02674140058398492,0.10114410584244213,
HES7,0.3456536083150045,0.11602520666585432,0.3450251038400167,0.1075293219937356,0.4032994078638278,0.0787062416856037,0.3455444433287488,0.11197230785007797,0.34512090026656217,0.12088520195420926
HHEX,0.20718990360149717,0.05724165375496446,0.2064229738492886,0.0786337981645104,0.2234272139992838,-0.0360579839846369,0.206834271215164,0.04751664968308962,0.20504621911984722,0.1397348308820418
HIC1,0.13462889326936558,0.05167983063909357,0.1343236977356402,0.0281418032110766,0.1534690828396428,0.0358605374804171,0.13384286583791621,0.04625731994279608,0.1338423410483484,0.051949695909480176
HIVEP1,0.14979446517845194,0.08726730688288106,0.1487078339928343,0.1093737179062343,0.1705774907158642,0.0084646053894803,0.1487401306309676,0.11185822558528055,0.1489693755985518,0.11107401557955392
HMGA1,0.1923668711950966,0.033476052267129415,0.1901927736961808,0.0118676657499162,0.2009222617222406,-0.0011729432458894,0.1898643069161126,0.03923515174041,0.189982045433184,0.010456249011428161
HMGN2,0.17589174817595746,0.06930485097564401,0.1728336211176238,0.1024532040096582,0.1814830941633315,0.0558448626103224,0.172298221989655,0.11184964482518808,0.1728055476515784,0.07980158460856604
HMX3,0.18206789702403697,0.01697718349142307,0.1812870850175136,0.0262625257614859,0.1921261040166973,0.0429683684054804,0.1813147992521178,0.026862455789766322,0.1813607017802556,-0.0129622903859767
HNF1B,0.3067151861592747,0.028137705947215978,0.3054791632155502,0.0746716906328708,0.3132561521491721,-0.0038149005698341,0.3050967176496292,0.05385308249393792,0.3055251459437584,-0.019702208680435672
HNRNPAB,0.46156228143375355,0.02734779972671299,0.4590915858165115,0.0605984677254239,0.478306710079083,-0.0335999582381075,0.4590937842378088,0.06277282042387003,0.45944427735202586,0.0419413212141381
HOXA13,0.2870608395358337,0.043535545668321136,0.2853226210723726,0.0287482247338403,0.2694580025499862,0.0588461467792597,0.2851164077269418,0.05712767420714924,0.285492539152633,0.0146427564167612
HOXC13,0.2667404967742248,0.021545145524183556,0.2657872762420809,0.016703058053825,0.2856044906453325,0.0323054156444196,0.26566386137425824,-0.007970169006405601,0.2657055150254182,-0.013008024102301332
HOXC9,0.1989470991746301,-0.00989854672897975,0.1985542437553778,-0.0427211168137486,0.2023364521929364,-0.0222627113835297,0.1966885867223354,-0.03741181923720083,0.1966688448474064,0.026052432507362
IFI16,0.142492823995469,0.1291354458520737,0.138427527888248,0.107495285055078,0.1438419304484923,-0.0026112033061963,0.1373014076592054,0.1369669709253754,0.137239551541699,0.146012997697714
IKZF2,0.15535654890933034,0.02186447347773211,0.1547049237946714,0.0411451297230062,0.1722109949972469,0.0124303430257754,0.15489034848804942,-0.006352162880278765,0.1547667381757408,0.05818589622447952
IKZF5,0.22145751945131323,0.0566247474186667,0.2206321836079971,0.0675704022208954,0.2361269206395207,-0.0160382693438102,0.22083869661868757,0.062037039605852606,0.220711869018925,0.0841715202171623
INSM2,0.20216214545313313,0.03705517270173916,0.2008607061125785,0.0717631327413837,0.2070054237999071,0.0479958620962529,0.2013308481804418,0.06018902492719573,0.20145377918679,0.03655692579476028
IRF1,0.21036325274171064,0.061975261372418135,0.2097345250679533,0.072106091194956,0.2362731709650309,0.0132749907350173,0.20730765407376078,-0.015164845478553768,0.2073827070538024,0.017092471425688878
IRF4,0.1911320619603081,0.03332546704664512,0.1882246384564315,0.0402085503107257,0.1982264637294106,-0.005397749993698,0.1857454177606656,0.055760879153930895,0.1859600544225018,-0.02048713099094785
IRX3,0.15651221523798717,0.01408302387335679,0.1558588501918076,0.0262281670749376,0.1741718922260494,0.0255758808801931,0.1558526396495466,0.02557386349078088,0.155875950969314,
JDP2,0.14379893846332736,0.012505302151717686,0.1416977782787801,0.0221857525717705,0.1413163648756268,0.0332931518435384,0.141084796974733,-0.018962480612964322,0.1410627210918274,-0.0034541983426522
JUN,0.13911513842064704,0.01205598055330815,0.138672901224943,0.0076322617444096,0.1592807006790699,0.0415367128956014,0.1385783168107116,0.0170495666957861,0.1385831144706942,0.0005188916776994
JUNB,0.2779785896696342,0.03852537420870795,0.2764610769326115,0.0427424342553899,0.2850377079730097,-0.0252447035023967,0.2765154179303546,0.0590573387534921,0.2767672873557916,0.0384302064191102
KLF15,0.12740599107678557,0.06782972188599606,0.1262597791120112,0.0996415787703393,0.1430808861986333,0.0424019593711831,0.1262547052658986,0.0984121934602436,0.1262536937076122,0.11190543440783118
KLF16,0.12010545049383377,0.015212393909318717,0.1195644673192039,0.0180137203848359,0.1273939988627251,0.0665946741436716,0.1196247552982382,0.00951870066029086,0.11951766846672121,-0.01425554356895635
KLF2,0.17561289029721952,0.03093480055787638,0.1750911390056354,0.0393565748988306,0.1919185542585561,0.0553883035444041,0.1750202912369388,0.04100545864907028,0.17514408388185382,0.022492736323380426
KLF3,0.12448615996753122,0.04085774493653913,0.1239854676618439,0.0228219630280898,0.1365229589283813,0.0154753855352197,0.1238723235981978,0.026917334152365642,0.1238803209836556,-0.0407554615877508
KLF5,0.15557899124644975,0.008644747906983488,0.1541735614901152,0.0105902743200065,0.1625869221383133,0.0520562701448981,0.1538756028637582,-0.017021583318069435,0.1538325104887236,0.03070590570676787
KLF8,0.10876880373785153,0.06834138469914153,0.1083771409874556,0.0476367357444914,0.1175549992526993,-0.0220077641586689,0.1085055818847938,0.037256764652795885,0.10848614096856699,0.04856159039865092
LBX1,0.21557895670099173,0.03837736851156404,0.21478994983715,0.0352498517598796,0.2350945768959242,0.0067577775604384,0.2146954386189568,0.014136804603319574,0.2147089498575386,-0.00771096272884238
LHX2,0.11255839974036037,0.06610541737497952,0.112232845098475,0.0675411064589502,0.13411466898247,0.0186009076186899,0.1120213642577774,0.0875863082220241,0.1119775891706128,0.09196230563402492
LHX4,0.1244455684763518,-0.01139644926136209,0.1236332741538761,-0.0112186750565846,0.1463361000918564,0.0128638348373465,0.1234941746647096,0.010652824607972669,0.1234452826915432,0.03814903484379062
LHX6,0.1270249798922296,0.018468605871305895,0.1263908752516724,0.0127100944730658,0.1445664756068393,-0.0261155338889119,0.1261524286109274,0.04657473389342704,0.1262696852799976,-0.0200272871114052
LHX9,0.1867833550963787,0.00719278037878672,0.1852028095855695,0.0050007603267303,0.2363842289633432,-0.0059056296556664,0.18531710834881399,0.005967707161126321,0.18529932952941638,
LYL1,0.1478714622615092,0.017229552194492962,0.1473102278326879,0.0137058658114612,0.1616734525329663,0.0276037331201798,0.14709644763030721,0.034899431493486885,0.14698136845318782,0.051903417582266444
MBD4,0.13321553406211772,0.018982892878046616,0.1318593189023579,0.00194841081187,0.1406248080556404,0.0306429162820936,0.131861156256206,-0.02067983820451914,0.1318466889308432,-0.0381183479821223
MECOM,0.21498477735858476,-0.009551057161534501,0.2138425055733393,0.0121893705929781,0.2399157654171989,-0.0366702356867912,0.2136562119287478,0.02332804801824248,0.2136711639194216,0.029418212160964918
MESP1,0.09457992822853399,0.057208115349310126,0.094609320948878,0.0559841087760591,0.1055396248522516,-0.0433612167615094,0.09414763467148037,0.05667719761056533,0.09420591128233552,0.042492265215379785
MKX,0.13862595366665081,0.008628252203769468,0.1377730834593642,0.0426851368345832,0.1549955810402259,-0.0336009110330619,0.1378079715781378,0.046723428648461116,0.1379589176584022,-0.0921054799430925
MLXIP,0.14649764146266742,0.019156559352364787,0.1459159445665128,0.037834889947179,0.1670323369315458,-0.0189424223361128,0.1459327402353878,0.0273359832961431,0.1458859248751922,0.03822539275569714
MMP3,0.49806493699295756,0.024255560320720564,0.3326515074088149,0.0085215557027377,0.1426374560400017,-0.0475764062107065,0.2771440747779182,-0.0447836289100127,0.2771432554281102,0.0008412759547384002
MNX1,0.16755643521174787,0.03168726315336175,0.1667830857364476,0.0613060799551033,0.1841981172289337,0.0391030815535278,0.1670089280093506,0.026815145738830797,0.1671932577562556,-0.01155438121352012
MXI1,0.1869931938568723,0.15281761915476674,0.1855723325726734,0.1928213263236023,0.2093994708747311,0.072101702997505,0.18711953830035039,0.1407715585513675,0.1835818368969182,0.2405792423034224
MYBL1,0.1614949431748245,0.07675495178640585,0.1604190310808038,0.1270791064300271,0.1779269624723823,-0.0197985275897968,0.161090117518982,0.08443246423365545,0.161192286468391,0.07485623584923976
MYC,0.19201377054372565,0.20337416708256226,0.1891421885168343,0.2595885946569227,0.1950095648315786,0.1062295683228807,0.1927159299321808,0.1798823990245586,0.18312824629375882,0.35182408947750055
MYCN,0.21624363366919483,0.09427854390702402,0.2142322791471781,0.1586687275195546,0.225671914484079,0.0524412283065456,0.2162243844444808,0.09508909330560611,0.2136804216906342,0.1782238141121528
MYOD1,0.1257847954248355,0.023275464606099437,0.1252454979532698,0.0383463742666793,0.1428657830004199,-0.0248822046071846,0.12514413906264438,0.05446237320525854,0.1251579446489516,0.0479949521650415
MYRF,0.16037957423473007,0.044137507840927466,0.1599027833862604,0.0224442714427794,0.1926087212306869,0.0332021218230935,0.1596820686620432,0.05343966239301083,0.1597018729614256,0.0615753389837839
NCOA3,0.11794842165114186,0.014826444621415002,0.1165782980499854,0.0261273265911383,0.1253744124694437,-0.0358913509386462,0.11667417146530581,0.046391705842855756,0.1167525893079534,-0.0063612634571679596
NEUROD1,0.16036873526563733,0.047804544668133796,0.1593718428938906,0.078988695410189,0.1806607177339463,0.0264734230370799,0.1591148726570242,0.09295827239108764,0.15914353818661922,0.09464239344522316
NEUROD2,0.2653534513213228,0.005508720924995406,0.2640353973412065,0.0137711633284296,0.286961780709439,0.007438682369909,0.26288557514690264,0.003756617851724,0.2629798451161238,-0.020822930520132482
NFATC1,0.1529560676059365,-0.0035629109678174077,0.1523862624902642,-0.01670595112991,0.1816759770309414,0.0216896671163501,0.151239178052784,0.027402112480352743,0.1511373051478666,0.06175675629151324
NFE2,0.14660953792404274,0.015324056103654043,0.1460418728507511,0.0033645877031544,0.1554544422353219,0.0572795657997649,0.146028398911508,-0.0017335166982875,0.1459126632630022,0.03847501114622294
NFE2L2,0.1970837219112987,0.01634489297071409,0.1936215313075752,0.020567496488139,0.1761535436117007,0.0054138991266077,0.1895145877787458,0.026446742255305557,0.1893894527822344,0.04900627411439998
NFKBIA,0.16460148680971443,0.021000593213335913,0.1604913870280211,0.0422611208633352,0.1646686404384661,0.0289417812969943,0.15962022095683343,0.028938932296165797,0.1596192475091718,-0.016865289151225826
NHP2,0.14287299696926378,0.0256107983341561,0.1407896534569405,0.0103766653823724,0.1475273929385873,0.0271296618765907,0.1406748207976664,0.017424144180858036,0.1406395931085712,-0.00805961681913228
NKX1-2,0.14681693527003709,0.06695906064836535,0.1464302493304816,0.0617114402910804,0.1727411026702393,-0.0222227068739464,0.14618985910581,0.08230994844888151,0.14637335585764938,0.06679011899467956
NKX3-1,0.20427163861893183,0.055278983010926964,0.2017566853507925,0.1185367551976049,0.2076292978246569,0.0798508497691651,0.20296852839364182,-0.026380688612864998,0.20197717030415818,0.1131315960614406
NKX3-2,0.15211803418176376,0.05051277487460791,0.1514302675877082,0.0933845651222406,0.1632665025453642,0.0806630806697318,0.1519773304297562,0.0221445107127011,0.151945813306039,0.014164438765793158
NKX6-2,0.1123996151536984,0.052528868111699635,0.1121455643675196,0.031929020748679,0.125946052022319,-0.0159915604245786,0.1123746277945566,-0.00046527679389401984,0.11232303581094501,0.05987350133724789
NME2,0.12081335513752003,0.01041978329893867,0.1367305810818134,0.04305143104756,0.1065938412177856,-0.0027402246023338,0.10886941563315937,0.02409360622350195,0.10886214573580219,0.008314486319558551
NOTO,0.12659761622031454,0.08568087526349658,0.1262409342433415,0.0689810715765001,0.1398688776186979,0.0312246995212491,0.1264837652812766,0.06975411822380033,0.12622076042775882,0.10013976526951593
NR2F2,0.14430550093672131,0.08084313034609779,0.1437861814962736,0.1018487545497592,0.1698262057272427,0.025845133732115,0.14394219169851402,0.08446307992440047,0.144419228819138,0.01360868144153305
NR4A1,0.20494192630733007,0.0003473477225893563,0.203209717315912,0.0154168429083691,0.2226780893775397,-0.0166663788132559,0.20300172245493303,0.042537077158852785,0.2031718794463056,-0.0076695407791202
NR4A3,0.19625443070080986,-0.008686082455629674,0.1931181736089077,0.0054858174850455,0.172867268848144,0.0522845843773957,0.1899364534635398,-0.02666830967192285,0.1899350448652964,
NSD2,0.19646237322337912,0.020378036985469857,0.1953850890294577,0.0495655376382828,0.2300638140717948,0.0378506608716557,0.19508739169928718,-0.0298986995167584,0.1948264939191902,0.05540481228746462
ONECUT3,0.12974909824814101,0.021200364936139054,0.1288307153399761,0.068049886944058,0.1483983031883401,0.0324042939298817,0.1290027061627852,0.06455061962117689,0.1291680656600338,0.04110177826459036
OSR1,0.14100395413657593,0.016925403471769095,0.1402923687446349,0.0242401540105704,0.1517677619247112,0.0120877152642871,0.1401851056094808,0.05898816208205716,0.1403671344460282,0.03522530831834305
OSR2,0.1489797589406607,0.027206383549251274,0.1478668862808822,0.0488448507356559,0.1800090530641173,0.0489966377109077,0.1478818208222874,0.04309950630086602,0.1479070408525888,0.04507380269081894
OVOL1,0.22231043361379713,0.01143469536194992,0.2207335652582481,0.0379825214218701,0.2198076033189298,0.0429073475149793,0.22097849716624524,0.03924916041390964,0.2204924606663822,0.07558408110853507
OVOL2,0.20767286755171321,0.012613052900240779,0.2066445914524396,0.0402959570019167,0.2237816953040357,-0.0069860777384344,0.2070175705583508,0.027309499667752278,0.2065103993691222,0.06445785685593086
PARP1,0.14989500304968556,-0.020758225279039918,0.1503884993001665,0.0041618168244539,0.2182193661641106,-0.0081284973742139,0.14512435135966778,-0.004327799885943034,0.145138757527674,-0.028153158904370968
PAX2,0.16042401695115088,0.09282659853641402,0.1594266623270385,0.1090493025923844,0.170977368027888,0.0617518681185155,0.159572291639109,0.11140495683688387,0.15939413797444701,0.1194401820578261
PAX3,0.16423249047829813,0.0049034893622578735,0.1634601999571005,-0.0132977763369311,0.1688027507304429,0.0273053734251252,0.1631203235492036,0.021854137121696544,0.163097213413197,0.0061748300900345
PAX5,0.18370949827016228,0.08586987806112156,0.1826911061533576,0.0909710968076316,0.2097255448300489,-0.0327378600387359,0.1826078078748754,0.09098545334145428,0.182906618530897,0.06898506609843925
PDX1,0.12734396355410535,0.07923489859864506,0.1269375207350123,0.0827234064053311,0.1407800888777198,0.0066224794141275,0.12674293120418262,0.0951173785258312,0.12685965482361822,0.09568785396896519
PHOX2A,0.14596780780703053,0.1196355134750469,0.1458249076943673,0.1222362169573149,0.1645873134004364,0.055743079338818,0.1454576753556906,0.12491781826824204,0.1457832638937436,0.10159349017315958
PITX1,0.10695308600951557,-0.0018675507356503411,0.1058874816373376,0.0038776842904602,0.1164339024358359,-1.840960355477243e-05,0.1058050010424211,0.030615301268494977,0.10582932919638406,0.011785668149472767
PLAG1,0.25167468055372205,0.06543899225767637,0.2427421586133538,0.0801582108310752,0.2262748709712396,0.0416454184309106,0.2414041834536378,0.11949097529810564,0.24188921532457658,0.11632792363590092
PLAGL1,0.23362416252943943,0.01818413842322587,0.2210952280237848,0.0247816216540441,0.1903218321877292,0.0265809208117133,0.21248428450429283,0.02986474174412958,0.2123811569504844,
POU4F2,0.14666999918995807,0.015307656146187417,0.1444240818675236,0.0065043645322248,0.1763543972750106,-0.0020950205571319,0.144165492650793,0.03505782606439556,0.14424049854247162,-0.013997089371987875
PPARGC1A,0.24563806890648565,0.0032950187482395235,0.2439328392360065,0.0319158087424803,0.29801093949727,-0.0062725301109553,0.24293133481825677,-0.008477699475673776,0.24194778212691279,0.09068314863006278
PRDM1,0.1931206961802577,0.16182160732956377,0.1921485356235259,0.1832034924235065,0.2171626408114051,-0.0146089163436431,0.1924465996298316,0.1712170759998922,0.191481005843258,0.20290487867369383
PRDM16,0.17059901698759747,-0.004682055374338349,0.1694130306600622,0.0144038370556408,0.1904548501315822,0.0223425951275384,0.1691740769226364,-0.0560859767922641,0.1691729736840194,0.0109473212553956
PROX1,0.1397622518517415,0.05562880095217086,0.1390395388704319,0.061325319983301,0.1627829315520967,0.0166537369190881,0.139116161868717,0.06720731144198851,0.1393756665227306,0.04074976691115032
PRRX2,0.12412720108232635,0.04208704269926318,0.1231628106922494,0.0368736904951246,0.1344502475316058,-0.0126817991778667,0.12232232173838739,0.05517621294631906,0.1224249308499786,0.03204733099069694
PSAP,0.13737357158558866,0.08849416750339276,0.1338087610830267,0.0662524258200035,0.1414157742745228,0.0046952897860595,0.1335321520583052,0.09741392750698767,0.13376378945207418,0.10045117074182497
PTF1A,0.13438517381524728,-0.0011204474042568178,0.1337615896197933,-0.0058450035844803,0.1480867714574107,0.0396790622298841,0.1337124282270474,-0.0168496717768503,0.1337033655019738,0.0170222075606703
RBMS1,0.10061228534402508,0.0045845093311452,0.0998857047979414,0.0417136294286488,0.1204937518028249,-0.0312803639273419,0.09992307335649117,-0.00419263649159375,0.09984584728754564,0.04410715065427148
RBPJ,0.12501423761165528,0.033144827898053716,0.1249616972400838,-0.0154701978377523,0.1371282176474307,0.0184379997641923,0.12469371435534579,0.03400833825267036,0.1247545524801508,0.02363281160729855
RERE,0.13909669244595332,0.06232442722723165,0.1385556905343596,0.0905464967202511,0.1589860355721288,0.0079590824191465,0.1382876249250118,0.10512303035603018,0.1385403383377662,0.09804422187677345
REXO1,0.17199027940552267,0.02322079254720059,0.171257195563858,0.042751493820784,0.1930932192219345,-0.0389242954037564,0.17126444246742362,0.04730188337118122,0.1713896534039836,-0.0062990531667049
RREB1,0.1166228807371022,0.03748792802641584,0.1162039902981491,0.056570178746129,0.135940595330027,-0.0339316376525438,0.1161787469690102,0.06360943791681896,0.11643291904565281,0.05068825101669287
RUNX1,0.18070587935823254,0.041861424674899,0.1801990648157388,0.0521219903300763,0.2008449156522102,0.0155934107310886,0.1802488450416468,0.04699024440756846,0.18060886211785418,-0.005746772936775539
RUNX2,0.21504091555554883,0.03759663166666358,0.2143099723324631,0.0650418289047578,0.2393315883335573,-0.0026751046890806,0.21455213105854698,0.011734183501139925,0.2144033116529894,0.04956728986342192
SALL1,0.14932334102370579,0.05518878540762022,0.148959408838193,0.0386711933167494,0.1711342862640787,0.0248621394923221,0.14868922352568079,0.07115476707063152,0.14879748553472338,0.0698929646894206
SALL3,0.11881197824700902,0.04480518060234749,0.1186885929780492,0.0025729670604764,0.1286988501480259,0.0391022986418032,0.1183026976212416,0.02027009854948058,0.118178701117447,0.055396162159245546
SATB2,0.10452924641041464,0.036869527627754486,0.1041342659822315,0.0166147604327283,0.1172795757287689,0.0127268706893828,0.10419947608018061,-0.013316050067544782,0.104180654116757,-0.0418848006437733
SIX4,0.158076433177173,0.0341551567026541,0.1576419879252233,0.0162132045983362,0.1845066932942406,0.0006365402655102,0.1576480973412368,0.020994856632411497,0.1576656156719552,0.011359409459330599
SMAD1,0.16186683650939127,0.074165422250397,0.1612797516549013,0.0663503068409944,0.1708909313562885,0.0688924114553241,0.16104135469549138,0.07551964725390246,0.1612066376634192,0.06864587574361555
SMAD5,0.17082151934875336,0.03786871439184576,0.1702140107161179,0.0577299325803566,0.1822610054092753,0.0692776565758456,0.1703055321443842,-0.00012194664725824998,0.1702054985871588,0.04411488079156658
SMAD6,0.14836801497921626,0.07010379600505878,0.1473509810515518,0.1184384065764992,0.1791883654789878,0.0227611174841051,0.14779156193299842,0.04225104079905712,0.14753136222054258,0.0980304086787416
SMARCA1,0.16175065694503651,0.06940891712689437,0.1592359464731492,0.0679711632744471,0.1681566425790297,-0.009825920002959,0.159264434420788,0.07743521121756052,0.159659116974036,0.03087020018370154
SMARCA2,0.10841272593320952,0.014598498572613038,0.1069235048317201,0.0271760729612212,0.1592514764627408,-0.0230186278328611,0.10579729838484712,-0.0154421943987997,0.10570588591929064,0.047486062033989015
SNAI1,0.15659144533513306,0.03195008358238407,0.155686810993347,0.0662341000063642,0.164152193641323,0.0701763794198598,0.155459709101555,0.07711260479127571,0.1553242913006464,0.0911658070733221
SOX11,0.2767935812794549,0.022189650930935653,0.2753947126288406,0.0469698879205591,0.287499381871088,-0.006491034923086,0.2754438043604116,0.04567380206651818,0.2756283371061274,0.020416211535095978
SOX12,0.1128895634502058,-0.008861406138227926,0.1120774753969777,0.0473403286300607,0.12228366308984,0.027193848191745,0.1121994733097228,0.034881970117618843,0.1122553611232108,-0.011432597618709501
SOX13,0.18346989364147187,0.021216491360543294,0.1825024393590145,0.0538855956592786,0.202684966830567,-0.003598305158409,0.182502292083282,0.010994367611217321,0.1823615627043818,0.03281911128598284
SOX15,0.15601414027209218,0.1008173253170394,0.1562646844829138,0.0686374865318536,0.1816725171753076,-0.0109878938022025,0.15626631773853278,0.07935833019566454,0.1561898719094728,0.08251120949165394
SOX17,0.14193598554856218,-0.017782899651187598,0.1411790448248358,0.0053490246433596,0.1590839214934709,-0.0008540022880619,0.141020622278564,0.045397223674312245,0.1410444847210178,0.03099501421523912
SOX18,0.2182296896899673,0.0101998611782259,0.2156334165511601,0.0395075302205132,0.2395198187438727,0.0473731097318906,0.21592739791340118,0.03884634678555114,0.2160458182045876,
SOX8,0.16751145067431386,0.030208085409580913,0.1668876453224396,0.0427620848147349,0.1885006612094645,-0.004738844917221,0.1668584789351302,0.033323679087811656,0.1668785926016036,0.024198179411800698
SOX9,0.16778717229890355,0.023068812595506458,0.1670672017404936,0.0176237609919196,0.1812222882618712,-0.0013268211456094,0.1658099478704218,0.05496934455924202,0.1657926232613734,0.050155449696764144
SP3,0.14824800732338325,0.029724681137368036,0.147640032440175,0.0361257116182156,0.1684352416332036,-0.0049489916155354,0.1474134285850222,0.061115991457747,0.1475396210914314,0.03930456224990496
SRF,0.1372675929133972,0.003426249789041415,0.1366094215133879,0.0192107426554476,0.153183266901605,-0.0008430005206413,0.1366489096726774,0.02503812195440124,0.136696448069458,-0.011085143633074898
STAT2,0.22792166167300712,0.10082215551845439,0.2272255946992599,0.1156427683176252,0.2461906645870729,0.0400437570731913,0.2274474042266942,0.11083073221899375,0.22725251612835243,0.11429572141003999
SUZ12,0.0853122089551714,0.07490346061391123,0.0851246332343417,0.0828669244030056,0.0973876862966459,0.0399867404825902,0.08508855476024833,0.08626838289601681,0.08510075411450277,0.0901963335035445
TBX18,0.12508595056995558,0.011924949237992156,0.1247282511624033,-0.0082780417174878,0.1384679799322436,0.0481863858580413,0.1245578157935898,-0.0004220740663664598,0.1245893386802414,-0.0266599212215387
TBX20,0.1470647886537133,0.021574096002598575,0.1469094869059671,-0.0165979820874603,0.1524727758981094,0.0583166817230689,0.1459246887603904,,0.1459252449229164,-0.005043569004716396
TBX21,0.2069714478066063,0.014482649635349764,0.2038675875401959,0.0256937405004907,0.2032287882111711,0.0396403317807218,0.2034289122976572,0.0591122387325933,0.20376714699811802,-0.0199174117147762
TBX3,0.13403265420342597,0.0770372883485285,0.133811509617815,0.0763009249435111,0.1452995299632465,0.0872441268434002,0.1339544085720902,0.06862271378948805,0.1336172615333734,0.09654729023564754
TBX5,0.2026021816750075,0.08747869095794936,0.1966747375950912,0.0645589971040234,0.1901161154656377,0.0495447603264753,0.1997139086684594,0.11062206069324651,0.2000234802051232,0.10093206389736635
TCF7L1,0.11749561030754153,0.018360006862019766,0.1173210904748279,-0.0140075922736568,0.1351979802675875,0.0454899625660599,0.1171713954295868,0.0233142967718521,0.11716773113518679,0.021434998063169036
TEAD3,0.11264371290704381,0.0803808187978354,0.1123942359570797,0.0845283768770972,0.1216590325589551,0.0897254549338551,0.11249215738777041,0.06949561849529284,0.1117629174606766,0.13359193393552427
TFAP2A,0.15747043773068542,0.03267471399743045,0.1561436922294824,0.0502279775190607,0.1894835543821569,0.0221426979376624,0.15617887549259918,0.055285639850779625,0.1561336197250302,0.070794093964954
TFAP2C,0.16389304183520378,0.018536666668543395,0.1629460526858276,0.0333683602060116,0.1860172459563872,0.0360277666161909,0.1629628868938442,0.03425990414732366,0.1630118434582086,0.009189279436747534
TFAP2E,0.25246566336656984,0.010851625638229124,0.2508158992609633,0.0560338975101385,0.2782912806856236,-0.0323696826468536,0.2509704088772874,0.06316214326054036,0.2511960073791254,0.03792686790722172
TFCP2L1,0.12730925689626815,-0.0009319917272653362,0.1266200987565191,0.004489512364583,0.139484841701798,-0.0299197880051504,0.126620328105367,0.04814900214878508,0.1267297225612174,0.033201305185623635
TGIF1,0.16247801445680193,0.00939716771536907,0.1612817535370878,0.0396953073900189,0.1846609076080329,-0.0286348434078473,0.1612945862334818,0.04552798385599778,0.1613033504993632,0.03258834844745228
THRA,0.13059774610365502,0.12519582184288658,0.1302500329322169,0.1024719214362662,0.1454128491883942,0.084019992922055,0.130211154390364,0.12207042416934152,0.13007308970532,0.13744334675821104
TLX1,0.1922329560506215,0.014270323079068743,0.1901978989475255,0.0568244317421176,0.203134379012204,0.0051906710998354,0.1901908688258716,0.051811876958266924,0.1903463837109444,0.025907678687072604
TONSL,0.12360171415055032,0.015551025271042407,0.1224097494943146,0.0217340715065235,0.1347420878790255,0.0310478304479439,0.12228924381630199,0.04598385130897624,0.1224190465049074,-0.0039264488934635
TOX,0.09437881696629849,0.007998424059962381,0.0939749497691862,0.0075866719444765,0.1034028360320378,0.0213736571229378,0.09383020261203016,0.022500033465075082,0.09382995597007152,0.019370247942092182
TP73,0.2676696608105264,0.036369351869166934,0.2638760476957372,0.0529164689616872,0.2490105005601375,0.0460790444488403,0.261600576233331,0.047451691584036046,0.2617704106340924,0.0110008656871809
TRIM22,0.1339379766189297,0.020834041686321213,0.1316127447395233,0.00070413658419,0.137667375664706,-0.0065761121926886,0.1313680150007934,-0.02047891865878514,0.1312695070738926,-0.02030985578724538
TRIM24,0.13797193481171866,0.027864683447143247,0.1374015707813523,0.0326959091367859,0.1542994243131235,-0.0024217851878157,0.1372930254913516,0.04549148906715092,0.1373618250104528,0.0416659605418175
TRIM28,0.11769576932127002,0.09327412276626224,0.1149290960291159,0.0954246436601939,0.1098246138702266,0.0006747786548559,0.1127166946608236,0.09194943789976456,0.11358283245935023,0.042362332624201936
TSC22D1,0.12552851226181624,0.026996657120778245,0.1235246548085335,-0.0033529376468039,0.1793432651822221,-0.0523878025985735,0.1234210493560306,0.027378673199404763,0.1234618396717256,-0.04574128772596297
TSHZ1,0.19089295707470327,0.042124938849921655,0.1902130503074293,0.0559723023903381,0.220608186768357,-0.0499716853938831,0.1900350824711614,0.07828961564280038,0.18996288698031621,0.07966665001040478
TWIST2,0.1488592375031689,0.01096864314572204,0.1483589407964543,-0.0042606611544244,0.1658694509606569,0.0016412217195517,0.1481449646943476,-0.0126862909718852,0.1481378227462494,0.0095298876415521
VENTX,0.16446421800924899,0.04078911072341237,0.1638429638808306,0.0400678705453929,0.1813147014310105,0.0429539083244186,0.1638480641137896,0.03316505927964916,0.1636515254150176,0.06036335948330692
YAP1,0.09028529384373392,0.15424456725627314,0.0902247936727941,0.1542457867533841,0.0998401410976099,0.0567492340272097,0.0900325793176856,0.16958636382538322,0.09008212643981098,0.1671812179453272
YBX1,0.21145791811505812,0.015805013319040766,0.1729681588501831,0.0102630967093652,0.1298870602721816,0.0381393373525172,0.1683700582487126,-0.03409217501598695,0.16835452385296978,
YBX3,0.3173983266693932,0.014543789777429723,0.2721565750875584,0.0093671098406392,0.1499536756267137,0.0526483274219016,0.2356250077732298,-0.014392703426194068,0.23561161222015778,-0.0179573784658755
YWHAZ,0.13356350815092335,0.14411467970957315,0.1322573393275066,0.1574018611413453,0.1434979216951279,0.0716817748216928,0.1325810144977102,0.146467228522258,0.1327786368413706,0.1417921766336576
ZBTB10,0.14614770303141877,0.013158101548921993,0.1454123976849046,0.0445570956142124,0.1634611560836786,0.0146412080916644,0.145508839294609,0.029641344335181296,0.14552451592299379,0.014865328700472899
ZBTB18,0.1739893258339241,0.044793718095554415,0.1737490528059944,0.0284397310554144,0.2050407445889213,-0.0479538245503078,0.17379967036045502,-0.0005747648745471803,0.173779632416462,0.04382338377045845
ZBTB37,0.07387876107004855,0.023295259298224725,0.0735579574796038,0.0379252003740156,0.0812977931624509,0.0382434272992422,0.07362931971672732,-0.003641120182631725,0.07362338361397969,-0.0188572807448341
ZBTB42,0.22162611135601357,-0.0008490301227416938,0.2201763623904275,0.0294295864886824,0.2321766472761808,0.0066412837697549,0.2202850409891446,0.04658184675613218,0.2203652685762104,-0.0176898646490307
ZBTB7A,0.158118547970927,0.03359253225849544,0.1564296598210139,0.0967262199756184,0.1743665069164182,-0.0074763264672387,0.1564357685577486,0.09626915258667543,0.15657507522720698,0.09862160754905011
ZEB2,0.20487328233632082,0.042676554501019606,0.2042835820558396,0.0617371160271868,0.2092785655645979,0.0191242184816708,0.20381553024264018,0.04444166391707856,0.20393657919088662,0.0117228411012036
ZFP36L2,0.11660412180951375,0.05701233150969526,0.1161399933987685,0.0600217620032274,0.1298718538823109,0.0036505388044039,0.1161876848913698,0.06451569291338814,0.11639155819476618,-0.02042926228938125
ZFPM2,0.12380758711273185,0.05140751562302533,0.123279672211202,0.0329846174186506,0.1345903922285928,0.0091608942573001,0.1231852897072232,0.03844206209431348,0.1233828747061734,0.028385182722918723
ZIC2,0.16777390757563693,0.030771838553958864,0.1666521901964182,0.0381554828907939,0.1888672325447996,0.0236245107936543,0.1665888216197672,0.04202691718288289,0.1667152441856134,-0.0278062362163693
ZNF136,0.17418038619309728,0.027563333873432266,0.1729614162520533,0.0320884048883225,0.1897212069805151,0.0566828592553206,0.17288661517294882,0.0020991037892845663,0.1729166154208664,7.021551557639602e-06
ZNF286B,0.17227627876430993,0.06021457209288502,0.1716412123142124,0.0619494003089971,0.1954783070546215,-0.0453426275231778,0.1716417766035716,0.05942944403642399,0.1714809481527822,0.0890269998029236
ZNF296,0.16009154572951914,0.14049523976984196,0.1594153727372071,0.1515102828449032,0.1608859419692329,0.0882760993025452,0.1598442142045744,0.14301815741083979,0.1591943564913436,0.1691027480378904
ZNF618,0.11596210957031923,0.08201360178848574,0.1156833233167287,0.09470851054657,0.135867716251739,0.0318579303155974,0.11581168399952839,0.08170822663516211,0.11593718118866461,0.06741958963808606
ZNF777,0.12977362470435275,0.028444774819411794,0.1286997624617782,0.0365742190374169,0.1436010168732391,0.0358873749434505,0.1288938660723614,-0.014792477564520425,0.128794736452605,0.0320644021355707
ZNF827,0.18743144830267994,0.018062611156691673,0.1859593633548633,0.0157490644019666,0.1895107165103129,0.0227829872822813,0.1860077878464926,-0.0046243627358456,0.1860224757888482,0.01905649363880278
