perturbation,KNN_RMSE,KNN_Pearson,XGBoost_RMSE,XGBoost_Pearson,MLP_RMSE,MLP_Pearson,ElasticNet_RMSE,ElasticNet_Pearson,ElasticNet_1024_RMSE,ElasticNet_1024_Pearson,Best_RMSE_Model,Best_Pearson_Model
MYC,0.1892085256116839,0.2689306646403621,0.189455744266573,0.2448465383099864,0.1934951716721718,0.2421993819538807,0.1872758323211616,0.2866219535376654,0.1750329803698956,0.4472360002072866,ElasticNet_1024,ElasticNet_1024
HELZ2,0.2305161416529653,0.2503055237354741,0.2292982045000036,0.2594585446261808,0.2362677405286299,0.2567101588256489,0.2290942097155392,0.255670702225727,0.2148668198494231,0.420818481394385,ElasticNet_1024,ElasticNet_1024
FOSB,0.1520668889924403,0.2262252915329105,0.151893365481759,0.221267182946405,0.1789741096585001,0.1308485203241805,0.1508829209624456,0.2482778294626808,0.1472368403421118,0.3262412052347264,ElasticNet_1024,ElasticNet_1024
GATA3,0.1415767909177975,0.2287061450596667,0.1417681677895926,0.2223604328043188,0.1689732018527492,0.1269259226008533,0.140837832031491,0.243778687849547,0.137806182028891,0.3156146489641896,ElasticNet_1024,ElasticNet_1024
NEUROD1,0.1576397670404182,0.1892269992265995,0.1560742385987071,0.2183819040255574,0.1701500622076709,0.1318845438020967,0.1555391842938244,0.2354433893366911,0.155104649622404,0.2522694849180603,ElasticNet_1024,ElasticNet_1024
IRF1,0.2212621808583853,0.2296061642147707,0.2171927239965195,0.2663599320850999,0.2486937000606786,0.3360974829304506,0.2173661274653784,0.2267653505124282,0.207182644426212,0.3741536638300274,ElasticNet_1024,ElasticNet_1024
MXI1,0.1844646713525592,0.2278637632461599,0.1840062319830761,0.2267249237152036,0.1996068931110719,0.2021567929475306,0.1842542820499232,0.2219995574059162,0.1790211209888094,0.3202858188806902,ElasticNet_1024,ElasticNet_1024
ZNF296,0.1587847380678199,0.1940136680042929,0.1586160885760134,0.2010782822295808,0.1848527686097718,0.1283900533562479,0.1578497589524078,0.2169167849800334,0.1551335312121322,0.2811872586212965,ElasticNet_1024,ElasticNet_1024
FOXL2,0.1580521607478204,0.145118743343195,0.1533891887801756,0.1947991258414925,0.1803660280991219,0.1709702127284749,0.1528355831474688,0.215264693957289,0.151565885259289,0.2528003074202834,ElasticNet_1024,ElasticNet_1024
FOXF1,0.180451648046806,0.2085653351810724,0.1811625988220019,0.1876313985711319,0.212318230081821,0.1377151340912936,0.1799820879773528,0.2126208035140458,0.178122305871483,0.2549472236358038,ElasticNet_1024,ElasticNet_1024
FOXI3,0.1704032059364008,0.1611504618265958,0.1695912679602338,0.1792260488787392,0.1963961784884328,0.1542437766471975,0.1685033949059169,0.2113223272320364,0.1664720642294194,0.2638287268493789,ElasticNet_1024,ElasticNet_1024
HES7,0.3445491297925078,0.1507456738768389,0.3423684898489258,0.1768138328212865,0.3845308756640935,0.1174664771522679,0.340433722537088,0.2002776731227356,0.3366806394832276,0.2527545546966182,ElasticNet_1024,ElasticNet_1024
HIVEP1,0.1468699800778605,0.1885935588693629,0.1463794886663676,0.2040047985094482,0.16886388927248,0.1053295107954276,0.1467235846844464,0.1948662859948298,0.1458931694470326,0.2271302085670719,ElasticNet_1024,ElasticNet_1024
YAP1,0.0899078130794246,0.1873188574322204,0.0898262183657641,0.1862733221432516,0.1076980469967909,0.0921605974345985,0.0897844146845635,0.1921061167359084,0.0888293818056614,0.2470928812700309,ElasticNet_1024,ElasticNet_1024
FOXF2,0.1444506975569029,0.1721922648640839,0.1450950966503376,0.1380536276591724,0.1674583193446182,0.120534706808882,0.1440870948610915,0.1840150400305359,0.1429428445997954,0.2221871684567761,ElasticNet_1024,ElasticNet_1024
PAX5,0.1830101618671422,0.1070323637249438,0.1825770341596654,0.1167323054451505,0.2028314593436078,0.058694949706411,0.1805842641723002,0.1802914817672934,0.180870980695804,0.1707801050391858,ElasticNet,ElasticNet
ONECUT3,0.1278568844591175,0.146591051541885,0.1264641084991208,0.1998691237560099,0.1478387533342792,0.0025329063945711,0.126917059439195,0.1780486764221588,0.1261648649202616,0.2096410461734766,ElasticNet_1024,ElasticNet_1024
THRA,0.1301607985052535,0.1579971801485676,0.1302738138112739,0.1260959687620902,0.1443544725129948,0.077248778841985,0.128802854986898,0.1760295056658848,0.1282534270314781,0.2000310710740374,ElasticNet_1024,ElasticNet_1024
STAT2,0.2279563925967015,0.1314993609587721,0.2269183561744042,0.1516617232353214,0.2363877571827564,0.1349222762850505,0.226265533783299,0.1724088681162592,0.225932914266555,0.1918894105688292,ElasticNet_1024,ElasticNet_1024
MYCN,0.2142058923889737,0.1626785651730873,0.2145689158123866,0.1496554823971762,0.2312324414901713,0.0781357896750252,0.2135856111471786,0.1713850975000302,0.2082964209110682,0.2784991872094094,ElasticNet_1024,ElasticNet_1024
FOXP4,0.1483808089853137,0.1565820277720775,0.1484413217813249,0.1683343328239249,0.1727227206169309,0.0184157934410185,0.1479286320697458,0.1702914790546972,0.148033220891143,0.1669252992270198,ElasticNet,ElasticNet
MYBL1,0.1596346134320781,0.1567452676272166,0.1595598609972461,0.1554139249342577,0.1901445504469936,0.0618164268820411,0.1593712948243656,0.1678258732994303,0.1584319424766572,0.1995488594999244,ElasticNet_1024,ElasticNet_1024
PAX2,0.1604823986795994,0.0906931604793996,0.1596107199988787,0.121117881871151,0.1760826413514531,0.1046510621797837,0.1585927256202534,0.1640535679281528,0.1593706818821786,0.1383891760482369,ElasticNet,ElasticNet
GLIS3,0.1576642819029709,0.0998464558064983,0.1572765818102667,0.1083395690119691,0.1834311321675268,0.1112828342252263,0.1556287295910052,0.1637282038357344,0.1552512434003198,0.179414331404845,ElasticNet_1024,ElasticNet_1024
HHEX,0.2060582013905555,0.1119216511138478,0.2054951545681866,0.1140205322689163,0.2296962198468856,0.1098516837088744,0.2043259865821172,0.1612502807055642,0.2014154429612152,0.2370423160716671,ElasticNet_1024,ElasticNet_1024
PRDM1,0.1944005448372344,0.1149206342505298,0.1942421017801986,0.1156673085650283,0.2162097245964615,0.1307441158162404,0.1928980049251588,0.1600779854780784,0.1912558611942606,0.2107162354538937,ElasticNet_1024,ElasticNet_1024
YWHAZ,0.1335394819440216,0.1408346182925516,0.1335720438637403,0.0986057524669699,0.1478698701095027,0.0935135723732021,0.1322140710514984,0.1567553716635468,0.1310039753128316,0.2080193303417282,ElasticNet_1024,ElasticNet_1024
PPARGC1A,0.2445031742433677,0.1006068893797624,0.2420810705624401,0.1101123034215557,0.251558197260872,0.1730282487468837,0.2397936495841602,0.154746381079904,0.2365088031546494,0.2244259823411373,ElasticNet_1024,ElasticNet_1024
EOMES,0.3611777347995777,0.1073674888816542,0.3535382380855628,0.1646276125729828,0.370854061079374,0.1673001605071877,0.3556759889049193,0.1531630785548199,0.3543006977888302,0.1806749853494031,XGBoost,ElasticNet_1024
ETS1,0.1892772238596323,0.1222977372649074,0.1889109032719357,0.1430665933409506,0.2132799101272897,0.0860548216457059,0.1882850253960999,0.151658533259346,0.1869988539302265,0.1941752098543392,ElasticNet_1024,ElasticNet_1024
KLF8,0.1070647568765275,0.1687164035113404,0.1069428503099814,0.167581056609643,0.1251613882423314,0.1425423563367894,0.1072344894712357,0.1505995022160078,0.1064021818340872,0.2025537660028142,ElasticNet_1024,ElasticNet_1024
GATA4,0.2109452435887586,0.1432420816956904,0.211160644665158,0.111939494999602,0.2295476940220606,0.116718091770988,0.2098770680872762,0.1494922674802616,0.2081791250886822,0.1983819800681246,ElasticNet_1024,ElasticNet_1024
ZNF618,0.1150863935860612,0.1381828900316134,0.1149237204401995,0.1395258089320735,0.1419314944788506,0.0281120452649832,0.1148236837708712,0.149380630381622,0.1148187549958724,0.1488856651377013,ElasticNet_1024,ElasticNet
TBX20,0.1458881503183744,0.1034126709589906,0.1453566072295606,0.1069615846832137,0.1682320154301437,0.0793399597679528,0.1446317161754648,0.149251871968778,0.1437850143523359,0.1840732641366022,ElasticNet_1024,ElasticNet_1024
TRIM28,0.1166420264938209,0.1417346285452868,0.1149356467483279,0.0918969201438495,0.1167715262926283,0.0950862443577706,0.1120678956405577,0.1486827060575246,0.1120499061912334,0.1557952437845746,ElasticNet_1024,ElasticNet_1024
NEUROD2,0.2630628547005226,0.0980023731178187,0.2615539311335423,0.1098018169850491,0.2639594631184454,0.0932062923070963,0.2604261799782634,0.1464227091856529,0.2607130322079052,0.145156221967189,ElasticNet,ElasticNet
TLX1,0.189758669831432,0.1125262797927532,0.1894640565107254,0.1162797585550008,0.2177954964723082,0.0631479976309701,0.1888974608553422,0.1420968849901834,0.1892974279264922,0.1300780190704024,ElasticNet,ElasticNet
RREB1,0.1154988207418103,0.1354479847061915,0.1156423730390298,0.1247710896814153,0.1330112164941822,0.0641556328291072,0.115358841734305,0.1403975312232155,0.1153471855046019,0.1514197936871192,ElasticNet_1024,ElasticNet_1024
SMAD5,0.1704871432685736,0.0797556727854525,0.1693229190507965,0.1136651066472751,0.1835331137567923,0.1064141630976011,0.1688265374302138,0.1398730345883492,0.1682689604942598,0.166467787194778,ElasticNet_1024,ElasticNet_1024
BSX,0.190474355839312,0.1085616776593424,0.1909033739807081,0.0857020852112834,0.2083484623981653,0.0810405193660456,0.1897691573038532,0.1385272348062076,0.1883374566129876,0.1835524900863351,ElasticNet_1024,ElasticNet_1024
ATF3,0.1059070499054236,0.1118981900803331,0.1046617843536411,0.1112597398643503,0.1161674751163056,0.0383332773203661,0.1044546770946696,0.1379777665463237,0.1044944358854706,0.1339703072612515,ElasticNet,ElasticNet
FLI1,0.2410953931545793,0.1016042095263936,0.2404160293220308,0.1184354219688177,0.2592036844542162,0.1099562431187353,0.239590064579343,0.1367669579298562,0.2397176729097997,0.1312469953735932,ElasticNet,ElasticNet
GATA2,0.2777912421830471,0.1441007846718232,0.2773230902389641,0.1127403877807668,0.2844305163559678,0.1312566837059907,0.275693371917148,0.1356721092321186,0.2759690777858502,0.1280501236190581,ElasticNet,KNN
SMAD6,0.1479340818970443,0.0923685502568091,0.1473809056820122,0.1217095572516242,0.1604863143655468,0.0946914617660772,0.1468931960802138,0.1350056950383339,0.1454383509573792,0.1955461399799564,ElasticNet_1024,ElasticNet_1024
TEAD3,0.1127962179430014,0.0669946559883098,0.1121868902086284,0.0840925593621242,0.1356683650666193,0.0217553180611989,0.1116708453430646,0.1335436587277204,0.1103018922282609,0.2035853869962574,ElasticNet_1024,ElasticNet_1024
NKX3-1,0.2026537884575784,0.1293488637885565,0.2024259249260666,0.11942704303882,0.225102674181363,0.0939796189149391,0.2019991592434294,0.132927581938908,0.1990407454829972,0.2177415322718602,ElasticNet_1024,ElasticNet_1024
SOX18,0.2160960791368743,0.0857794595183838,0.2154021798574505,0.0717661680489064,0.234607131729654,0.1179583972792976,0.2140635613841253,0.131028361361648,0.2147807694118296,0.1091287597467576,ElasticNet,ElasticNet
SUZ12,0.0849123771118016,0.1183735735193532,0.0847236133554898,0.1257849622227651,0.098344155342755,-0.0165979437514086,0.0846696149130332,0.1308186616622071,0.084780333562905,0.1234986008465632,ElasticNet,ElasticNet
OVOL1,0.2199454459888976,0.1036204860569717,0.2195268469876713,0.1216080573826459,0.2384387277911936,0.1429282934783322,0.2191476513262071,0.1298845723961049,0.2178830117790409,0.1660453899748568,ElasticNet_1024,ElasticNet_1024
GLI1,0.2015812367415513,0.0921548886502277,0.1983977664885094,0.1502055695711358,0.2279111896264592,0.0699473641985066,0.1985914230063064,0.129754462269951,0.1979887351747096,0.149168316194999,ElasticNet_1024,XGBoost
OVOL2,0.2065084677243212,0.0798879979974838,0.2056304630963171,0.1088160595983245,0.2218659744992834,0.1113685722421725,0.20493056819137,0.1270698312318969,0.2044938450469412,0.1445680297257102,ElasticNet_1024,ElasticNet_1024
SMAD1,0.1611357687343568,0.0914921685993884,0.1609473779198328,0.0952877647962743,0.19388427593714,0.0519151739321825,0.1601330946305622,0.1261252026101242,0.1599186831442044,0.1364491798142124,ElasticNet_1024,ElasticNet_1024
EP300,0.1389615239430916,0.1055396187349377,0.139001430196488,0.0913111023783538,0.1616400012533348,0.1080897134190432,0.138499261178174,0.1245416209767134,0.1367437926894468,0.20063039412717,ElasticNet_1024,ElasticNet_1024
GATA6,0.2318341184555175,0.1064404383210667,0.231475251069635,0.0955041061232588,0.2719026846590043,0.0729758825075248,0.231088128609384,0.1240750681609468,0.2296076369414514,0.1675538458349984,ElasticNet_1024,ElasticNet_1024
KLF3,0.123747185449795,0.0948471675667611,0.1230388741094936,0.1168720257632769,0.1500132668340003,0.0965275875977055,0.1230645647710864,0.1231294715009692,0.1235019341945005,0.1041581220391528,XGBoost,ElasticNet
IRF4,0.1895611482298044,0.0911892256609322,0.1885230680080111,0.0358601278387516,0.2012732548913591,0.0865795211031332,0.1876872991267342,0.1230329593603618,0.1877153766622327,0.1232458150403242,ElasticNet,ElasticNet_1024
TBX5,0.201343328942666,0.1088946396579816,0.2011988608473724,0.0953484390780219,0.2113743155491671,0.0753024134905516,0.1992271241043892,0.1221564676043006,0.1985468047152446,0.1469612648224563,ElasticNet_1024,ElasticNet_1024
ELK3,0.0898596038526757,0.0967841581443537,0.09003387574227,0.0625673441509245,0.0992345444544944,0.0535217673251759,0.0889396931868078,0.119594563659705,0.0890785057909185,0.1033927727802449,ElasticNet,ElasticNet
FEZF2,0.1702152230884911,0.1198484709519733,0.1697523075216542,0.1318833027539036,0.1854155329872032,0.0840141679686056,0.169822404158282,0.1187285733350574,0.1706432298814854,0.0687886190191295,XGBoost,XGBoost
HMGN2,0.1746931152601958,0.0936026009914138,0.1730160890049512,0.0800770075382771,0.1849988022366379,0.0873791939117654,0.1724082972520178,0.1186092055334662,0.1723219596515646,0.1373115319379712,ElasticNet_1024,ElasticNet_1024
EPAS1,0.0970134365687684,0.099338498295051,0.0958299546763075,0.0683008581708374,0.1426303148753806,0.0343366806170497,0.0948637416184567,0.1151321852280809,0.095220830241105,0.0766125940022606,ElasticNet,ElasticNet
SOX9,0.1669764750969699,0.0636807069257333,0.1660903892301188,0.0527548822122086,0.1738464827559767,0.0760940209254208,0.1646329027986842,0.1150806034718737,0.1653149990110864,0.0734134531174842,ElasticNet,ElasticNet
EBF2,0.1359667771318876,0.041048147367787,0.1344535747862842,0.0997838413424574,0.1527956318110457,0.0617976046054454,0.1344510248510502,0.1150692588177469,0.1348924334530506,0.0925002467007794,ElasticNet,ElasticNet
SNAI1,0.1556285594526894,0.0797174354076759,0.1553481658183132,0.080419073283623,0.178297891530189,0.0901006684358215,0.1549963821024406,0.1131218133974043,0.1543457817693018,0.1438593179487849,ElasticNet_1024,ElasticNet_1024
PROX1,0.13933914255661,0.0831267882916836,0.1386762075894829,0.1028711634184861,0.1562691278558217,0.0331586498739187,0.1385444877447331,0.1113425865582605,0.1388832890273432,0.0828015970920187,ElasticNet,ElasticNet
AFF1,0.1004801748896297,0.0678091342800549,0.0999414497367589,0.0939075741448997,0.1100988428707897,0.0766643295354057,0.0996516106083826,0.1096829269325909,0.0994182461317113,0.1329901383415905,ElasticNet_1024,ElasticNet_1024
HES5,0.1010773786133118,0.0705175214612562,0.1005682489650278,0.1066177388866609,0.11576191537559,0.0440666187547624,0.1004373814764639,0.1090141204539654,0.1007575818189821,0.087386319551028,ElasticNet,ElasticNet
NOTO,0.1268331526932582,0.0655437467456646,0.1264005217368629,0.0740063016094332,0.1499868437010924,0.0296274153612918,0.1261504935356276,0.1077932472150087,0.1259608328660738,0.1196387906100362,ElasticNet_1024,ElasticNet_1024
NR2F2,0.1436018361684598,0.1104087461642331,0.143662893303259,0.0972246171216134,0.1720642079255707,0.0671045466859754,0.143588087359545,0.1070608228001713,0.1434182568520274,0.1205223023470939,ElasticNet_1024,ElasticNet_1024
ZNF136,0.1732964860400258,0.0544104127059353,0.1726505650972667,0.0803547416561402,0.1948533804124686,0.0314497710263507,0.172350775678421,0.1044697947613841,0.1728532766059184,0.0759492292518179,ElasticNet,ElasticNet
CEBPA,0.2219936487697696,0.0654740803373178,0.2216756111441341,0.0583948485584717,0.2455588422535964,-0.0140823458654107,0.2204882433316404,0.1031162432443987,0.2209556022696948,0.0781544907157578,ElasticNet,ElasticNet
MKX,0.1375542352635941,0.0759584766944239,0.1372126594654275,0.0890609468168774,0.1553978849891172,0.0727626513467867,0.137156022228672,0.1028617094938101,0.1362210221243066,0.1495086965279182,ElasticNet_1024,ElasticNet_1024
LYL1,0.1477488839825119,0.0420665806339068,0.1470115534360926,0.0496163720692966,0.1762363074961798,0.0567462358174208,0.1464129641984198,0.1022326923172824,0.1469460600158312,0.0586898898618504,ElasticNet,ElasticNet
GSC,0.1858107663038274,0.0881843177449668,0.1856199293903901,0.0934613926167416,0.2141420792378665,-0.0065400754501608,0.1853085197484796,0.1021641192734568,0.1845291680799146,0.1369091442758968,ElasticNet_1024,ElasticNet_1024
SOX11,0.2757292163729794,0.0739712233836976,0.2747570814027064,0.0927720199980561,0.2910984678821517,0.0836631261464828,0.2745006602489875,0.1000471384425613,0.2751597693412158,0.0701810604316187,ElasticNet,ElasticNet
INSM2,0.2003371026554814,0.1083971351144494,0.1998779502859642,0.1239978877203336,0.2235967822847385,0.0553137722142012,0.2001811312098217,0.0985867113860128,0.1999319898848996,0.1218685852790406,XGBoost,XGBoost
BARX1,0.2096375194273932,0.0390410584526665,0.2083698046212306,0.0364863210018986,0.2361368462593483,0.0723996819437252,0.2076569482435291,0.097741751406589,0.207585029084255,0.1023740277508081,ElasticNet_1024,ElasticNet_1024
JUN,0.1384761465757905,0.0765806048077059,0.1380500040322017,0.0693140826667556,0.1639555538367381,0.0820859797619544,0.1379888096834016,0.0973734891864576,0.1377250556796174,0.114184005278705,ElasticNet_1024,ElasticNet_1024
CDX2,0.1678097470968203,0.0749000976173974,0.1683580285319535,0.0179080402309917,0.1917950559735116,0.0941621456752705,0.166766462538009,0.097015106968563,0.1665476987319668,0.1106025876663256,ElasticNet_1024,ElasticNet_1024
PHOX2A,0.1467895334785563,0.0531274686097762,0.146480252152955,0.0507909598943276,0.1670560147346263,0.0430254254738086,0.1459874945952652,0.0953874448346431,0.1455303752096102,0.1242834797582222,ElasticNet_1024,ElasticNet_1024
ZEB2,0.2037994156396891,0.0899651387043527,0.2025189916567354,0.1194260091458438,0.2226455510850193,0.0253051625265674,0.2030371498558346,0.0951052059297136,0.2027577642795056,0.1101454200576171,XGBoost,XGBoost
FOXA3,0.203737523257026,0.0470296670828629,0.2032706247382144,0.0513762335353448,0.2154365211625233,0.1316694525063221,0.2028111286729784,0.0942899973049141,0.2028257103451702,0.094001908736779,ElasticNet,MLP
MNX1,0.1668124373069475,0.0848220005584214,0.1663043070280213,0.0925723253965958,0.1872935350180817,0.0735733484858938,0.1665853997737768,0.0931603511202719,0.1660906713622082,0.1191550890041731,ElasticNet_1024,ElasticNet_1024
EBF3,0.1914867672923414,0.0128031480806495,0.190236848717394,0.068887883188082,0.2130562812171309,0.0781075256395529,0.1898578132570086,0.0890516042813616,0.1897184084743992,0.1052001237342238,ElasticNet_1024,ElasticNet_1024
EGR3,0.1552136343766705,0.0820625130196387,0.154335798155248,0.1004088805188449,0.1947045239814495,0.0191124496915037,0.154672615906323,0.0862259681053783,0.1544827162562745,0.1010733832079698,XGBoost,ElasticNet_1024
KLF5,0.1546106193068656,0.0727571753020675,0.1542141797281405,0.0658910900790555,0.1683394337423469,0.0377564620285281,0.1539203932583515,0.0855349348482589,0.1529049620326214,0.1402322835930232,ElasticNet_1024,ElasticNet_1024
NCOA3,0.1175791371416969,0.0372109382288579,0.1161823583532116,0.0764684064873156,0.1248347158302111,0.0305612243148635,0.1163465444924816,0.0847520459664946,0.1161856941766534,0.1003539646945864,XGBoost,ElasticNet_1024
SOX15,0.1572603481796895,0.0587849509332194,0.1563824200693958,0.0686699980073287,0.1768191798747827,-0.0364454111315316,0.1562259931598358,0.08443570044145,0.155414704899845,0.1336577432972676,ElasticNet_1024,ElasticNet_1024
NFE2L2,0.1933350808822488,0.1406215126489602,0.1947297981756942,0.1289244826768829,0.2770589173344207,0.1523548077158506,0.1897456451455442,0.0827133670756861,0.1875619975255844,0.1971766941020011,ElasticNet_1024,ElasticNet_1024
JDP2,0.1426879144600996,0.0768813860797594,0.14165551444516,0.0332665918602302,0.1591139290229448,0.0277178016429587,0.1408916508732418,0.080438848482078,0.140323124852318,0.1195712046682114,ElasticNet_1024,ElasticNet_1024
FOXD2,0.1214473950585828,0.03750889239994,0.1208140316547738,0.080730465631982,0.1522368465588703,-0.0019275030498668,0.1209135076254334,0.0802749057670516,0.1205185959248792,0.1108519346152249,ElasticNet_1024,ElasticNet_1024
ZNF827,0.1891461153180879,0.0156789895643324,0.186007956661984,0.0460540657366149,0.2042662977894238,0.0247907114601469,0.1857728109115802,0.0771404551779469,0.1849379587011005,0.1220577402446966,ElasticNet_1024,ElasticNet_1024
FOXJ1,0.2556959212068111,0.0781953282404918,0.2435690309106456,0.0416314777646891,0.4567388620345318,0.0057524571567508,0.231487563223416,0.0743149001163557,0.230885284098827,0.1094978400801749,ElasticNet_1024,ElasticNet_1024
NKX3-2,0.1521775594964416,0.0518087235520095,0.1518373107812009,0.054320888702173,0.173977724117006,0.0341790585878112,0.1516442277696186,0.0736488459917172,0.1512533195873676,0.1038371969130934,ElasticNet_1024,ElasticNet_1024
RBMS1,0.1003606929935178,0.0443363612104248,0.0995250164720901,0.0720659344366595,0.1230141807739725,0.0141084194614659,0.0996544539989539,0.0718199654040341,0.0990038797551689,0.13301977228497,ElasticNet_1024,ElasticNet_1024
NFE2,0.1455898625364421,0.0739266107269374,0.145317557622385,0.0936916138365257,0.157889614415355,0.0562481299211018,0.1452746399887446,0.0690433249494899,0.1446231244044037,0.1210787614148467,ElasticNet_1024,ElasticNet_1024
ZNF286B,0.1718938517001685,0.0550980097002662,0.1708005480959224,0.1023250269673306,0.1974195763564393,0.0644558838259266,0.1714257473584526,0.061865716105007,0.170542868798973,0.1206963058223489,ElasticNet_1024,ElasticNet_1024
NSD2,0.1956370678272196,0.0717280188357926,0.1956416197048483,0.0282553311189071,0.2124816083665984,0.0846005630082732,0.1950163493947004,0.055818980878545,0.1938074155000522,0.1130700394478546,ElasticNet_1024,ElasticNet_1024
SALL3,0.1186153451770707,0.0583516441232129,0.1178905067446128,0.1049372266219111,0.1343721451702931,0.1140124724349002,0.1182444048373302,0.0409483322378338,0.1173667433510672,0.1405458123929171,ElasticNet_1024,ElasticNet_1024
HIC1,0.1348082357724856,0.0416001270914789,0.1342035032455261,0.0571267590425943,0.1504466711394546,0.0531298029353052,0.1340388023180743,0.0290739716569142,0.133271164678772,0.1147056857515832,ElasticNet_1024,ElasticNet_1024
