perturbation,KNN_RMSE,KNN_Pearson,XGBoost_RMSE,XGBoost_Pearson,MLP_RMSE,MLP_Pearson,ElasticNet_RMSE,ElasticNet_Pearson
AFF1,0.1004801748896297,0.06780913428005494,0.0999414497367589,0.0939075741448997,0.1100988428707897,0.0766643295354057,0.0996516106083827,0.109682926932591
ALX1,0.11223427730396728,0.007617759315218284,0.111707367474824,0.0371257366182753,0.1341065544803658,-0.0858729809653945,0.111722902987596,0.0343532784601781
ALX4,0.1382977186820112,0.02920614749079977,0.137312251855443,0.0360073343924394,0.1805153435536907,-0.0414796141893607,0.137418598952448,0.0341268435895275
ARID1A,0.14605486977836768,0.08716678659051817,0.1459620696166813,0.0808400415470128,0.1727947718181844,0.0403897516055171,0.145936600352904,0.084081556325791
ARID3A,0.09336650481264779,0.041132041719596016,0.0932094802635433,0.0085691557104903,0.1045564462394064,0.0203631168206261,0.0930791662559395,0.0658866077192953
ARNTL,0.16199028518316652,0.0380533334097095,0.1612550504206627,0.0654449100532937,0.1854958269182916,-0.0034863627244242,0.160997939398435,0.0913585795908147
ATF3,0.10590704990542363,0.11189819008033317,0.1046617843536411,0.1112597398643503,0.1161674751163056,0.0383332773203661,0.10445467709467,0.137977766546324
BARX1,0.2096375194273932,0.039041058452666574,0.2083698046212306,0.0364863210018986,0.2361368462593483,0.0723996819437252,0.207656948243529,0.0977417514065891
BBX,0.31328355709387923,0.003833025501880536,0.3057259590668492,0.0206674596805111,0.2717300224708589,0.0395065542773666,0.305811986182469,-0.0061812619774748
BCL11A,0.25805881470314385,0.03452377351267041,0.2575124921195665,0.0424468644349428,0.2775978257487885,0.0192981614679208,0.257310742269692,0.0500181118641679
BCL11B,0.30956792528975086,0.045062637675554656,0.3079775761398184,0.0245152856363223,0.3362415027523664,-0.0276951256766288,0.307981582289938,0.0087915450937757
BHLHE40,0.14085063741267415,0.02827665591267554,0.1403565280303192,0.0459736125272393,0.1528618540939177,0.0484683909405344,0.140507247225415,0.0298648665923283
BHLHE41,0.14181383682624565,-0.008396567729411756,0.1410797194464421,0.0206308318650489,0.1589995726565249,-0.0010007457127084,0.140959017143861,0.040714686085038
BID,0.11320470673442633,0.05988895804655022,0.1080930819868099,0.0394139576922815,0.1074430952757465,0.0585091712802018,0.104854989326988,0.0721753400724305
BNC1,0.09734594954226361,0.03202589292922996,0.0971204752567374,0.0274929620216272,0.1152969115918452,0.0385223983894423,0.0970971096529722,0.0256890545923566
BNC2,0.12727342617878137,0.04575797040255959,0.1266637551424852,0.0813036743579516,0.1476413857517272,0.0180365366774063,0.126904712440024,0.0565424255375968
BPTF,0.13304163384777284,0.032336618767549445,0.131766811554306,0.0637227246395925,0.1453133632755468,0.0564478426090341,0.131897964064327,0.0465129430290931
BSX,0.19047435583931202,0.10856167765934248,0.1909033739807081,0.0857020852112834,0.2083484623981653,0.0810405193660456,0.189769157303853,0.138527234806208
CARHSP1,0.17188134341613429,0.016763157344352967,0.1571426373017384,0.01491166939865,0.1122201491994975,0.0084479872851962,0.141442279350475,0.0816523931576531
CASZ1,0.25886422299186174,0.016819169116270852,0.2568879636852766,0.0475398296297812,0.2683133281903163,0.0245869156502937,0.256733965745201,0.0466286862301915
CDX2,0.1678097470968203,0.07490009761739742,0.1683580285319535,0.0179080402309917,0.1917950559735116,0.0941621456752705,0.166766462538009,0.0970151069685631
CEBPA,0.22199364876976965,0.06547408033731787,0.2216756111441341,0.0583948485584717,0.2455588422535964,-0.0140823458654107,0.22048824333164,0.103116243244399
CEBPB,0.20520384352739762,0.0663777688307277,0.2044441330088728,0.0928527942316614,0.2193254922665666,0.0253898330177483,0.204585979290868,0.0829428908118395
CREBBP,0.10660901364313083,0.032131235918948176,0.1059863779510339,0.0679548085975366,0.1407860108380287,-0.1034089876846826,0.105929820436277,0.0833199376621013
DLX2,0.115339722394835,0.024809104545582526,0.1147956995418564,0.0130877923339442,0.1470139004351763,-0.026992304680097,0.114731281682329,0.0383627378159413
DLX3,0.1674700594623359,0.011005781795346725,0.1658892142800925,0.0260048991317889,0.2075722877118019,0.0024493408987254,0.164628249775948,0.055284679302974
DMRT1,0.15649767261399755,0.055983279468349356,0.1562796394549956,0.0404703732840109,0.1804643202832614,0.0814377436560135,0.156299059485337,0.0207133283767113
DNAJC1,0.13510599963127753,0.03318694570490352,0.1251781132123616,-0.0027828450428813,0.1119212232287817,0.0659595472413728,0.123046369915357,
EBF2,0.13596677713188762,0.041048147367787016,0.1344535747862842,0.0997838413424574,0.1527956318110457,0.0617976046054454,0.13445102485105,0.115069258817747
EBF3,0.19148676729234146,0.01280314808064954,0.190236848717394,0.068887883188082,0.2130562812171309,0.0781075256395529,0.189857813257009,0.0890516042813616
EGR2,0.14629818223235314,0.019936575693711277,0.1448539733858832,0.0444247564997604,0.1928377959793884,0.0066807754773416,0.145007974262048,0.0595772634858276
EGR3,0.15521363437667055,0.08206251301963871,0.154335798155248,0.1004088805188449,0.1947045239814495,0.0191124496915037,0.154672615906323,0.0862259681053782
ELF4,0.11062169952747845,0.07350220517025496,0.1104320473076258,0.0812487626195838,0.12458229324071,0.0912611049459889,0.110250161660993,0.0963634961382074
ELK3,0.08985960385267577,0.09678415814435375,0.09003387574227,0.0625673441509245,0.0992345444544944,0.0535217673251759,0.0889396931868079,0.119594563659705
EOMES,0.36117773479957777,0.10736748888165423,0.3535382380855628,0.1646276125729828,0.370854061079374,0.1673001605071877,0.355675988904919,0.15316307855482
EP300,0.1389615239430916,0.10553961873493774,0.139001430196488,0.0913111023783538,0.1616400012533348,0.1080897134190432,0.138499261178174,0.124541620976713
EPAS1,0.0970134365687684,0.09933849829505104,0.0958299546763075,0.0683008581708374,0.1426303148753806,0.0343366806170497,0.0948637416184567,0.115132185228081
ESX1,0.1916457331214991,0.05490557149649129,0.1914234628501938,0.0394600347096893,0.2071814688376812,0.070636345276136,0.190494169587077,0.0781763381569507
ETS1,0.18927722385963233,0.12229773726490749,0.1889109032719357,0.1430665933409506,0.2132799101272897,0.0860548216457059,0.1882850253961,0.151658533259346
FEZF2,0.17021522308849116,0.11984847095197333,0.1697523075216542,0.1318833027539036,0.1854155329872032,0.0840141679686056,0.169822404158282,0.118728573335057
FLI1,0.2410953931545793,0.10160420952639367,0.2404160293220308,0.1184354219688177,0.2592036844542162,0.1099562431187353,0.239590064579343,0.136766957929856
FOSB,0.15206688899244034,0.22622529153291054,0.151893365481759,0.221267182946405,0.1789741096585001,0.1308485203241805,0.150882920962446,0.248277829462681
FOSL1,0.12307225620883584,0.06268285614360325,0.122387801073985,0.0926666836310763,0.1459750936350996,0.0090929248379117,0.12257978052797,0.049667876589543
FOSL2,0.18384500690038136,0.030357091217116765,0.1833071410832853,0.0486427814635204,0.2001741374017488,0.0695777914613514,0.183460641117543,
FOXA3,0.20373752325702602,0.0470296670828629,0.2032706247382144,0.0513762335353448,0.2154365211625233,0.1316694525063221,0.202811128672978,0.0942899973049141
FOXC1,0.21722383354571143,-0.010317735362172557,0.2148425232499772,0.0394557202933711,0.2389380658441735,0.02173715742813,0.214989772244914,0.0255837022475925
FOXC2,0.3169285566796884,0.009238015062224356,0.3137682947990813,0.0519501342839715,0.3413954378683277,0.0430673938816256,0.313985097093618,0.0377524304658728
FOXD1,0.13285084974835082,0.058670902543952866,0.1332893780062239,0.0361115054501823,0.1460174589310901,0.0537108140890695,0.131699993150081,0.0984405793421048
FOXD2,0.12144739505858282,0.037508892399940076,0.1208140316547738,0.080730465631982,0.1522368465588703,-0.0019275030498668,0.120913507625433,0.0802749057670517
FOXD3,0.21683364774398692,0.049362741113095236,0.2164401805490931,0.0521526602904289,0.2364670708200493,0.0396391695373362,0.216411121664621,0.0418161704625211
FOXE1,0.25155768014994123,0.04760322139359026,0.2511531043556145,0.0216413948050595,0.2708273230973937,0.0655532696314283,0.24956176053655,0.063281121893958
FOXE3,0.1616415001456875,0.06619217571918821,0.1614374780165136,0.0674518464096205,0.1826591172523413,0.0519681309521056,0.161396368094174,0.07054413164267
FOXF1,0.18045164804680605,0.20856533518107243,0.1811625988220019,0.1876313985711319,0.212318230081821,0.1377151340912936,0.179982087977353,0.212620803514046
FOXF2,0.1444506975569029,0.17219226486408395,0.1450950966503376,0.1380536276591724,0.1674583193446182,0.120534706808882,0.144087094861092,0.184015040030536
FOXI3,0.17040320593640085,0.16115046182659581,0.1695912679602338,0.1792260488787392,0.1963961784884328,0.1542437766471975,0.168503394905917,0.211322327232036
FOXJ1,0.2556959212068111,0.07819532824049188,0.2435690309106456,0.0416314777646891,0.4567388620345318,0.0057524571567508,0.231487563223416,0.0743149001163558
FOXL2,0.1580521607478204,0.14511874334319505,0.1533891887801756,0.1947991258414925,0.1803660280991219,0.1709702127284749,0.152835583147469,0.215264693957289
FOXP4,0.1483808089853137,0.15658202777207755,0.1484413217813249,0.1683343328239249,0.1727227206169309,0.0184157934410185,0.147928632069746,0.170291479054697
GATA2,0.2777912421830471,0.14410078467182325,0.2773230902389641,0.1127403877807668,0.2844305163559678,0.1312566837059907,0.275693371917148,0.135672109232119
GATA3,0.14157679091779754,0.22870614505966672,0.1417681677895926,0.2223604328043188,0.1689732018527492,0.1269259226008533,0.140837832031491,0.243778687849547
GATA4,0.21094524358875869,0.14324208169569047,0.211160644665158,0.111939494999602,0.2295476940220606,0.116718091770988,0.209877068087276,0.149492267480262
GATA6,0.23183411845551755,0.10644043832106673,0.231475251069635,0.0955041061232588,0.2719026846590043,0.0729758825075248,0.231088128609384,0.124075068160947
GFI1,0.13976745548735442,0.0813315938773195,0.1398671131661385,0.0594698574502027,0.1625507326048733,0.0584369831002159,0.139770405075605,0.0738280875147309
GLI1,0.2015812367415513,0.09215488865022774,0.1983977664885094,0.1502055695711358,0.2279111896264592,0.0699473641985066,0.198591423006306,0.129754462269951
GLIS3,0.15766428190297094,0.09984645580649838,0.1572765818102667,0.1083395690119691,0.1834311321675268,0.1112828342252263,0.155628729591005,0.163728203835734
GSC,0.18581076630382742,0.08818431774496686,0.1856199293903901,0.0934613926167416,0.2141420792378665,-0.0065400754501608,0.18530851974848,0.102164119273457
GSX2,0.172573759564268,0.053547601487462335,0.1720672712298112,0.0431312584727742,0.1976989021015713,0.0314724727268595,0.171654301879689,0.0890232498991917
GTF2B,0.16290843883762623,0.02128924221739454,0.1609312120915202,0.0467041415265728,0.1706834137091039,0.0313245488332244,0.16120284624474,0.0397897415142688
HAND1,0.20246684976618676,0.005132322085393392,0.1958722195320001,0.0423361697149417,0.1712798781059225,0.0873458140992677,0.190040390651547,0.0793755967667918
HELZ2,0.23051614165296533,0.25030552373547416,0.2292982045000036,0.2594585446261808,0.2362677405286299,0.2567101588256489,0.229094209715539,0.255670702225727
HES4,0.25643769452740234,0.017031834311768412,0.2110539336568618,0.0247803112729194,0.165214842840236,0.0412793575391806,0.210607192307213,
HES5,0.10107737861331184,0.07051752146125624,0.1005682489650278,0.1066177388866609,0.11576191537559,0.0440666187547624,0.100437381476464,0.109014120453965
HES7,0.34454912979250785,0.15074567387683896,0.3423684898489258,0.1768138328212865,0.3845308756640935,0.1174664771522679,0.340433722537088,0.200277673122736
HHEX,0.2060582013905555,0.1119216511138478,0.2054951545681866,0.1140205322689163,0.2296962198468856,0.1098516837088744,0.204325986582117,0.161250280705564
HIC1,0.13480823577248563,0.041600127091478936,0.1342035032455261,0.0571267590425943,0.1504466711394546,0.0531298029353052,0.134038802318074,0.0290739716569142
HIVEP1,0.14686998007786053,0.18859355886936294,0.1463794886663676,0.2040047985094482,0.16886388927248,0.1053295107954276,0.146723584684446,0.19486628599483
HMGA1,0.19147190035333517,0.05299681000531294,0.192467593640064,0.0257986130990616,0.2005792594128692,0.0316581628702453,0.189354803468196,0.0481258145689377
HMGN2,0.1746931152601958,0.09360260099141389,0.1730160890049512,0.0800770075382771,0.1849988022366379,0.0873791939117654,0.172408297252017,0.118609205533466
HMX3,0.18142355100018834,0.06765178231477166,0.1804897905262585,0.0648025429066105,0.2137801620510046,0.0628332084578008,0.180847625064913,0.0580941190713963
HNF1B,0.30755503969355785,0.01627176094966987,0.3055365031469549,0.0327895001396585,0.3190331158311986,0.0004343137366256,0.304974415260177,
HNRNPAB,0.4617918462269756,0.045147847993350934,0.4586490337340886,0.062640694107687,0.4731374568231493,0.074490182433838,0.458350341105757,0.0747395274358218
HOXA13,0.2866914408894653,0.03392789874720074,0.2848863092600014,0.0446716433081566,0.3104653483758791,0.0457787868024901,0.285540197940047,0.0556272288426369
HOXC13,0.26656148379246003,0.020067249287224902,0.2656933771616792,0.017474088456542,0.2904968806625829,0.002269491788822,0.265688422229798,0.0145826471597843
HOXC9,0.19804311755082776,0.04223758251305114,0.1967299177153512,0.0504340491205171,0.2186937622776351,0.0459304028278159,0.196693092039328,0.0734959251175466
IFI16,0.14334403041885413,0.019635303546489298,0.1417113782246667,0.0394457012079986,0.1429573311377163,0.0592068444418778,0.138434621631842,
IKZF2,0.15487660764382588,0.04521657967580299,0.1543624238770851,0.0545290828097677,0.1748869721945765,0.0013341591411842,0.154456848457742,0.0570280207505141
IKZF5,0.2215149118237138,0.06266415675974046,0.2208994637020645,0.0816466691569351,0.2478284782333308,0.0279721415872042,0.220370538412325,0.086329299251854
INSM2,0.20033710265548144,0.10839713511444948,0.1998779502859642,0.1239978877203336,0.2235967822847385,0.0553137722142012,0.200181131209822,0.098586711386013
IRF1,0.22126218085838534,0.2296061642147707,0.2171927239965195,0.2663599320850999,0.2486937000606786,0.3360974829304506,0.217366127465378,0.226765350512428
IRF4,0.18956114822980444,0.09118922566093221,0.1885230680080111,0.0358601278387516,0.2012732548913591,0.0865795211031332,0.187687299126734,0.123032959360362
IRX3,0.1559434715892972,0.04283911828280933,0.1557981779254408,0.0299507109658688,0.1751235084234038,0.0350046795576434,0.15577390001658,0.0452910765596487
JDP2,0.1426879144600996,0.07688138607975949,0.14165551444516,0.0332665918602302,0.1591139290229448,0.0277178016429587,0.140891650873242,0.080438848482078
JUN,0.13847614657579058,0.07658060480770597,0.1380500040322017,0.0693140826667556,0.1639555538367381,0.0820859797619544,0.137988809683402,0.0973734891864576
JUNB,0.2790934215455984,0.0312186616722696,0.2772640469363189,0.029055599592714,0.2989023781978822,0.0460586016942765,0.275995575587608,0.0543766570891717
KLF15,0.1266425407379155,0.0785711140918958,0.1264331666061301,0.0812344209600227,0.1461552662160572,-0.0006748124135028,0.126522281487121,0.0700420457560177
KLF16,0.11982505786806387,0.058738564944903295,0.119546418377804,0.0712480495797956,0.1393793712723564,0.0613868587137566,0.119607499530108,0.0746309714429985
KLF2,0.17481747689836252,0.08055548405687829,0.1748010887953415,0.0654668800333367,0.1904172257930237,0.0974995229104525,0.174710971981207,0.0689203626398008
KLF3,0.12374718544979509,0.09484716756676115,0.1230388741094936,0.1168720257632769,0.1500132668340003,0.0965275875977055,0.123064564771086,0.123129471500969
KLF5,0.15461061930686562,0.07275717530206754,0.1542141797281405,0.0658910900790555,0.1683394337423469,0.0377564620285281,0.153920393258352,0.0855349348482589
KLF8,0.10706475687652757,0.1687164035113404,0.1069428503099814,0.167581056609643,0.1251613882423314,0.1425423563367894,0.107234489471236,0.150599502216008
LBX1,0.21545003342759153,0.0451471767213684,0.214736322880565,0.0644940729890761,0.2334061044431642,0.0633081873424247,0.214820686432851,
LHX2,0.11250037306415946,0.042151689134845335,0.1120737948582771,0.0520137598790493,0.1318338264675493,0.0070345025723446,0.111938410580984,0.0889831188002687
LHX4,0.12439575644889114,0.026445922469356897,0.1234581116943218,0.0462998106260904,0.1485078149892322,-0.0235403178024251,0.123284406506662,0.0844467258014292
LHX6,0.12672100045931256,0.032698459748011256,0.1262535884095999,0.012460085890232,0.1625123925478241,-0.0458281205720475,0.126209551779127,
LHX9,0.1867849668091454,0.013990305744414153,0.1864618613208439,-0.0099719146168026,0.2004318165160516,0.0196884911189483,0.184802440884087,0.0270374773064015
LYL1,0.1477488839825119,0.04206658063390687,0.1470115534360926,0.0496163720692966,0.1762363074961798,0.0567462358174208,0.14641296419842,0.102232692317282
MBD4,0.13295791443431146,0.030905208237675723,0.1318984922696074,0.0373314922057398,0.1484347154968539,0.0252210807698755,0.131684851644196,0.026949330510186
MECOM,0.21558947317537158,-0.0018571799142417602,0.2143040869849203,-0.0061660832395529,0.2417059794187005,-0.0254150020492379,0.21413561368059,6.72914537651261e-05
MESP1,0.0947572969937469,0.028759070239232538,0.0947176909773342,0.0006200749093387,0.1066743142523449,0.0694198419592941,0.0942469849514415,0.0210524830789079
MKX,0.13755423526359417,0.07595847669442395,0.1372126594654275,0.0890609468168774,0.1553978849891172,0.0727626513467867,0.137156022228672,0.10286170949381
MLXIP,0.14619102535592784,0.06612552605292302,0.1457639902624469,0.0742987366652769,0.1639007519700734,0.0465028323483356,0.146067668427646,0.0465674293155683
MMP3,0.4498258812267061,-0.007279584840371271,0.3329540209856919,-0.0015470096859118,0.1380594547336137,0.0269001206673257,0.276571647022185,
MNX1,0.16681243730694756,0.08482200055842148,0.1663043070280213,0.0925723253965958,0.1872935350180817,0.0735733484858938,0.166585399773777,0.0931603511202719
MXI1,0.18446467135255928,0.22786376324615998,0.1840062319830761,0.2267249237152036,0.1996068931110719,0.2021567929475306,0.184254282049923,0.221999557405916
MYBL1,0.15963461343207813,0.15674526762721666,0.1595598609972461,0.1554139249342577,0.1901445504469936,0.0618164268820411,0.159371294824366,0.16782587329943
MYC,0.18920852561168391,0.2689306646403621,0.189455744266573,0.2448465383099864,0.1934951716721718,0.2421993819538807,0.187275832321162,0.286621953537665
MYCN,0.21420589238897372,0.16267856517308735,0.2145689158123866,0.1496554823971762,0.2312324414901713,0.0781357896750252,0.213585611147179,0.17138509750003
MYOD1,0.1255846091286101,0.032122054747936404,0.12521360225222,0.0386947094275108,0.1488093182634043,-0.0115590576092322,0.124894332350172,0.0561712622900027
MYRF,0.16053679108484067,0.011940934439982004,0.1594784121846573,0.057751731304157,0.1707093425058446,-0.0024934165352436,0.159487011867419,0.0261637809167888
NCOA3,0.1175791371416969,0.037210938228857945,0.1161823583532116,0.0764684064873156,0.1248347158302111,0.0305612243148635,0.116346544492482,0.0847520459664946
NEUROD1,0.15763976704041827,0.18922699922659958,0.1560742385987071,0.2183819040255574,0.1701500622076709,0.1318845438020967,0.155539184293824,0.235443389336691
NEUROD2,0.26306285470052265,0.09800237311781879,0.2615539311335423,0.1098018169850491,0.2639594631184454,0.0932062923070963,0.260426179978264,0.146422709185653
NFATC1,0.15267369257234648,-0.011782101832287558,0.1516950285531766,0.0023652439622214,0.1623684458860929,0.0008234798805203,0.151405627467515,
NFE2,0.14558986253644213,0.07392661072693744,0.145317557622385,0.0936916138365257,0.157889614415355,0.0562481299211018,0.145274639988745,0.06904332494949
NFE2L2,0.1933350808822488,0.14062151264896028,0.1947297981756942,0.1289244826768829,0.2770589173344207,0.1523548077158506,0.189745645145544,0.0827133670756861
NFKBIA,0.16456377934644978,0.015311130371588072,0.1621725374992454,0.0140202410207108,0.1599834741820696,-0.0183714279933001,0.159772948782614,0.0016250646360677
NHP2,0.14239864745699393,0.02563714841174585,0.1410376699579071,0.0203302778300436,0.1895386799201941,0.0838320029204911,0.140282968777579,0.0269333762637501
NKX1-2,0.1469015628109979,0.03898874906509862,0.1461441088011542,0.0762047808941277,0.1708365588223332,0.0556049338663798,0.146485026472883,0.0519648532604468
NKX3-1,0.20265378845757842,0.12934886378855656,0.2024259249260666,0.11942704303882,0.225102674181363,0.0939796189149391,0.201999159243429,0.132927581938908
NKX3-2,0.15217755949644163,0.05180872355200951,0.1518373107812009,0.054320888702173,0.173977724117006,0.0341790585878112,0.151644227769619,0.0736488459917172
NKX6-2,0.11248567938271328,0.08488957195745835,0.1122782058263938,0.0735599815426713,0.1260793953100075,0.0910404992224232,0.112293774876975,0.0735833025363499
NME2,0.11981860408056771,0.06179731930751906,0.1172108280122186,0.0234747169088244,0.2116306283563689,0.067150679754841,0.108558084791107,0.0425431146496259
NOTO,0.12683315269325826,0.06554374674566468,0.1264005217368629,0.0740063016094332,0.1499868437010924,0.0296274153612918,0.126150493535628,0.107793247215009
NR2F2,0.14360183616845984,0.1104087461642331,0.143662893303259,0.0972246171216134,0.1720642079255707,0.0671045466859754,0.143588087359545,0.107060822800171
NR4A1,0.20374270614989876,0.0202456740388038,0.203348579536004,-0.0053562763491317,0.2237410802916757,-0.0047562501794015,0.203208121735496,0.0245466019293284
NR4A3,0.19553850279350182,0.023712141444148946,0.1929006409739123,0.0113954509589736,0.1988954252537466,0.0064284489348683,0.189869950519816,0.0015900483060781
NSD2,0.1956370678272196,0.07172801883579263,0.1956416197048483,0.0282553311189071,0.2124816083665984,0.0846005630082732,0.195016349394701,0.0558189808785449
ONECUT3,0.12785688445911758,0.146591051541885,0.1264641084991208,0.1998691237560099,0.1478387533342792,0.0025329063945711,0.126917059439195,0.178048676422159
OSR1,0.1407928261916493,0.016416362810591174,0.140111759181159,0.0478448426162283,0.166464975018225,0.0262897992108731,0.140269218545527,0.0304792830294861
OSR2,0.14882638169609774,0.023417581752954365,0.1479554329140541,0.0475038597390574,0.1674081984454317,0.0156654582338868,0.147750798367279,0.0574186883486005
OVOL1,0.21994544598889765,0.10362048605697172,0.2195268469876713,0.1216080573826459,0.2384387277911936,0.1429282934783322,0.219147651326207,0.129884572396105
OVOL2,0.20650846772432124,0.07988799799748385,0.2056304630963171,0.1088160595983245,0.2218659744992834,0.1113685722421725,0.20493056819137,0.127069831231897
PARP1,0.14885798690760219,-0.013297649148757886,0.1465958870646651,0.0123773192178951,0.1542706649333914,-0.0034068512899979,0.144894319794616,
PAX2,0.16048239867959943,0.09069316047939964,0.1596107199988787,0.121117881871151,0.1760826413514531,0.1046510621797837,0.158592725620253,0.164053567928153
PAX3,0.16433820877277253,0.03565978970441091,0.1633059731472753,0.0261194622340502,0.1969096292895006,-0.0099226032515507,0.162975316630863,0.0650821640988611
PAX5,0.18301016186714225,0.10703236372494387,0.1825770341596654,0.1167323054451505,0.2028314593436078,0.058694949706411,0.1805842641723,0.180291481767294
PDX1,0.12738722617804646,0.0449586253802115,0.1268210281525862,0.0867872854940858,0.1563698823557368,0.0067333741939587,0.126751843290758,0.0786673105405266
PHOX2A,0.14678953347855636,0.05312746860977623,0.146480252152955,0.0507909598943276,0.1670560147346263,0.0430254254738086,0.145987494595265,0.095387444834643
PITX1,0.10670543989172505,0.03903096776124283,0.1054683281280993,0.0478458444714736,0.1197818088244352,0.0528436839410923,0.105479238988933,0.0549125312900402
PLAG1,0.2514376083999761,0.06671428822227295,0.2433903938197673,0.0928671995917905,0.2423979466957326,0.0274129871566646,0.242654782802933,0.0963384224579373
PLAGL1,0.23297674260304257,0.06255139444111277,0.2151289992178407,0.0227672409213499,0.4091525757597162,0.0003089919831926,0.212008823575556,0.0595771474490169
POU4F2,0.14453497972332166,0.052367891871064096,0.1436859264034091,0.010146333930373,0.1576381477077897,0.0428147427393039,0.14384359962604,0.0416195078723592
PPARGC1A,0.2445031742433677,0.10060688937976248,0.2420810705624401,0.1101123034215557,0.251558197260872,0.1730282487468837,0.23979364958416,0.154746381079904
PRDM1,0.19440054483723448,0.11492063425052983,0.1942421017801986,0.1156673085650283,0.2162097245964615,0.1307441158162404,0.192898004925159,0.160077985478079
PRDM16,0.16977375867150082,0.02554966184926103,0.1692482443707226,0.0169029566805106,0.195475631532705,-0.0055092614317165,0.169315922380172,0.0003715476938335
PROX1,0.13933914255661006,0.08312678829168367,0.1386762075894829,0.1028711634184861,0.1562691278558217,0.0331586498739187,0.138544487744733,0.111342586558261
PRRX2,0.12416853980696457,0.026300395922730944,0.122653774056027,0.0310411613778529,0.1331974792242861,0.042410416230329,0.122374805867455,0.0467068380394354
PSAP,0.1379298577105228,0.006996247949543194,0.1342016049604775,0.0179339553436471,0.1452489405512234,-0.0024962270965851,0.133896886523359,
PTF1A,0.13405452729991338,0.03462473709979563,0.1334699774986324,0.0696409547202742,0.1546475135426773,0.0658179211581566,0.133585766018199,0.0556028312834005
RBMS1,0.10036069299351781,0.04433636121042487,0.0995250164720901,0.0720659344366595,0.1230141807739725,0.0141084194614659,0.0996544539989538,0.0718199654040341
RBPJ,0.1251860775806849,0.018587256734278444,0.1249445292451029,-0.0169683285367153,0.1485229578487238,0.0124930757853125,0.12482225560751,
RERE,0.1396781377734396,0.028369944956057602,0.1389628001427709,0.0537357551798733,0.1559249459419243,0.0211590315423621,0.139061000307141,0.0415158974030404
REXO1,0.17200546980202183,0.014843689963975079,0.1711383929756696,0.0409726805833742,0.2029091459256337,-0.056915780447378,0.171269305441428,0.0370418787274924
RREB1,0.11549882074181031,0.1354479847061915,0.1156423730390298,0.1247710896814153,0.1330112164941822,0.0641556328291072,0.115358841734305,0.140397531223216
RUNX1,0.18063052689866171,0.058631067348022335,0.1801736443598038,0.0686645053007868,0.2084166837560895,-0.0129962991238344,0.18013096613896,0.0699193520713216
RUNX2,0.21575694396651088,0.01791913404974426,0.214977720259395,0.0170148971490482,0.2354794448062335,-0.0088768473633009,0.214637634090955,0.0549777656741622
SALL1,0.15094349234163434,0.04479431834053009,0.1487693822114152,0.0650956199961764,0.1697427707386825,0.0438714183042625,0.148623948588063,0.0776648952390777
SALL3,0.11861534517707076,0.05835164412321294,0.1178905067446128,0.1049372266219111,0.1343721451702931,0.1140124724349002,0.11824440483733,0.0409483322378338
SATB2,0.10469105831610044,0.03863340213939155,0.1040724730149137,0.0354827802230218,0.1228893782877564,-0.0081982350980541,0.104153193933573,
SIX4,0.1585589913366576,0.004688522925084053,0.1577435187289133,0.0181113170148953,0.1889274876621556,-0.0346591326968857,0.157708372566931,0.0281527820881577
SMAD1,0.1611357687343568,0.09149216859938843,0.1609473779198328,0.0952877647962743,0.19388427593714,0.0519151739321825,0.160133094630562,0.126125202610124
SMAD5,0.17048714326857367,0.07975567278545255,0.1693229190507965,0.1136651066472751,0.1835331137567923,0.1064141630976011,0.168826537430214,0.139873034588349
SMAD6,0.1479340818970443,0.09236855025680915,0.1473809056820122,0.1217095572516242,0.1604863143655468,0.0946914617660772,0.146893196080214,0.135005695038334
SMARCA1,0.16193925356266595,0.03634566666816803,0.1629244127614542,0.0256981120122538,0.1703457730362847,0.0265856070437333,0.159512925401788,0.0405295510690488
SMARCA2,0.10877887176611273,-0.02792744898914735,0.1058607310516217,-0.0180873671902859,0.1096583707019263,0.0250010550198423,0.105763431774928,
SNAI1,0.1556285594526894,0.07971743540767591,0.1553481658183132,0.080419073283623,0.178297891530189,0.0901006684358215,0.154996382102441,0.113121813397404
SOX11,0.2757292163729794,0.07397122338369763,0.2747570814027064,0.0927720199980561,0.2910984678821517,0.0836631261464828,0.274500660248988,0.100047138442561
SOX12,0.1119509403914937,0.0813688721187384,0.1119047852411354,0.0762023584324137,0.1367419640917685,-0.0009667024602469,0.111961948499929,0.0751446362507647
SOX13,0.18387913589767066,0.025261654099838448,0.1820586148109125,0.076404496671202,0.2003045951151833,0.0407955708913076,0.182100027586365,0.080101113065297
SOX15,0.1572603481796895,0.05878495093321947,0.1563824200693958,0.0686699980073287,0.1768191798747827,-0.0364454111315316,0.156225993159836,0.0844357004414501
SOX17,0.14171996774443554,0.0255473851454552,0.1410823104816716,0.0215171601394664,0.1671131727647688,0.0446177887979235,0.140876530174755,0.0602878706072582
SOX18,0.21609607913687431,0.08577945951838384,0.2154021798574505,0.0717661680489064,0.234607131729654,0.1179583972792976,0.214063561384126,0.131028361361648
SOX8,0.16682126013120693,0.07301156049842897,0.1666581132071966,0.0649029228067048,0.1960563524337041,0.0430123638768232,0.166400927415681,0.0867061432577036
SOX9,0.1669764750969699,0.06368070692573333,0.1660903892301188,0.0527548822122086,0.1738464827559767,0.0760940209254208,0.164632902798684,0.115080603471874
SP3,0.1483525477100463,0.04145255632125368,0.1474850984470399,0.0707462205952219,0.1704651964135461,0.0124034843654563,0.147621191095833,0.0628641584027349
SRF,0.13759883352456215,-0.007023663522713708,0.1367484444232235,-0.0059840408791333,0.1561119606605746,-0.0109212336727337,0.136542923028119,
STAT2,0.2279563925967015,0.13149936095877215,0.2269183561744042,0.1516617232353214,0.2363877571827564,0.1349222762850505,0.226265533783299,0.172408868116259
SUZ12,0.08491237711180169,0.11837357351935321,0.0847236133554898,0.1257849622227651,0.098344155342755,-0.0165979437514086,0.0846696149130332,0.130818661662207
TBX18,0.12516071633984113,0.008172817850700512,0.1245016291045928,0.0179716178701854,0.1435510874380662,0.0502500197395511,0.12442153313307,0.0332835672429934
TBX20,0.14588815031837443,0.10341267095899068,0.1453566072295606,0.1069615846832137,0.1682320154301437,0.0793399597679528,0.144631716175465,0.149251871968778
TBX21,0.2045527846549679,0.07734520656406502,0.2039935453313834,0.0683850782353035,0.2293672120748988,0.0488431235756979,0.203792430881309,0.069628110705094
TBX3,0.13445708282011803,0.0603982810669763,0.1339780784290541,0.0688707071840899,0.1533616309847982,0.0350142144868444,0.133887059848525,0.0748301322309298
TBX5,0.20134332894266602,0.1088946396579816,0.2011988608473724,0.0953484390780219,0.2113743155491671,0.0753024134905516,0.199227124104389,0.122156467604301
TCF7L1,0.11767829247230852,0.010905261942964397,0.1170448812145383,0.0243692742459432,0.1304129864314222,-0.0078534511562692,0.117113199675991,
TEAD3,0.11279621794300149,0.06699465598830986,0.1121868902086284,0.0840925593621242,0.1356683650666193,0.0217553180611989,0.111670845343065,0.13354365872772
TFAP2A,0.1571345736321683,0.015206132660476985,0.15613581259002,0.0510469745421991,0.1903088220660026,0.0207047806747744,0.155928403173395,0.0727663468530214
TFAP2C,0.16389900113166583,0.010108630158727292,0.16282436479125,0.0403363877686368,0.1895150641773039,0.0376722669666962,0.162913945337237,
TFAP2E,0.2525424262865769,0.03641243073052872,0.2518306457995569,0.0062764299599305,0.2680195556180845,0.0489451282903588,0.251431634733172,0.0496665629131883
TFCP2L1,0.12684075116264912,0.039936426249104734,0.1265138222962569,0.0322195511900406,0.1459256609121595,0.0154732648679586,0.126353044881171,0.0541669537700604
TGIF1,0.16189849833610365,0.024228830327018464,0.1611228531276015,0.045980215306835,0.1872230976765888,-0.0350683989212036,0.161263926750495,
THRA,0.13016079850525358,0.1579971801485676,0.1302738138112739,0.1260959687620902,0.1443544725129948,0.077248778841985,0.128802854986898,0.176029505665885
TLX1,0.18975866983143203,0.11252627979275323,0.1894640565107254,0.1162797585550008,0.2177954964723082,0.0631479976309701,0.188897460855342,0.142096884990183
TONSL,0.12239326737971278,0.0613299825853222,0.1222365185861448,0.0504284561101746,0.1420955234567131,-0.0003549752825509,0.122296162130535,0.0415538163320598
TOX,0.0938002245665612,0.06115701167314101,0.0936395083546723,0.042810723136236,0.1098785931225797,-0.0006439058628922,0.0936578813331889,0.0329457616037332
TP73,0.2668478658731324,0.03712969392144151,0.2631553439678341,0.027424715009834,0.2811056648167613,0.0284364856484856,0.263238130640295,0.0628608689257107
TRIM22,0.13374371452227538,0.016518157444136834,0.1377809157883878,-0.006250417613656,0.1951509764306355,-0.0684560160575453,0.131165861397342,
TRIM24,0.13753627604949464,0.0497686816883556,0.1370205994378215,0.0799601002910437,0.1597518998310239,0.0271699358069705,0.136992545173319,0.0910427904516357
TRIM28,0.11664202649382091,0.14173462854528687,0.1149356467483279,0.0918969201438495,0.1167715262926283,0.0950862443577706,0.112067895640558,0.148682706057524
TSC22D1,0.12584408792812019,-0.009431282194068028,0.1233995127348014,0.0043875051149029,0.1800104410848832,-0.0191720281997448,0.123533927670336,0.0160643362971798
TSHZ1,0.1913356214658869,0.0058560210277657536,0.1906489961875499,0.0038583170810113,0.2111198933576261,0.0341445035323369,0.190358032461601,
TWIST2,0.14909257228614817,0.04409639260760586,0.1479817012372649,0.0500758767516173,0.1815788260391598,0.0164199733393061,0.147623436349612,0.0971277701962019
VENTX,0.16438010690483926,0.024356328003157575,0.164233164366198,-0.0107214547041503,0.1903119510646654,0.0450173105265033,0.164012112414335,-0.0051301859316375
YAP1,0.08990781307942468,0.18731885743222043,0.0898262183657641,0.1862733221432516,0.1076980469967909,0.0921605974345985,0.0897844146845635,0.192106116735908
YBX1,0.21138990827289714,0.017834965425389804,0.1806565550863591,0.0015263479556919,0.4235079877018056,0.0428207224576209,0.168009736509733,
YBX3,0.31774158758653387,-0.016325478786194704,0.2768992138489922,-0.0318395896471111,0.1610756286274913,0.0079479319240347,0.23529940776111,
YWHAZ,0.1335394819440216,0.14083461829255167,0.1335720438637403,0.0986057524669699,0.1478698701095027,0.0935135723732021,0.132214071051498,0.156755371663547
ZBTB10,0.14585020010503483,0.07095735871739065,0.1453680837012634,0.0731711681810508,0.1624064950868957,0.0616677062866795,0.145434905348715,0.0715174799149006
ZBTB18,0.1750209926385638,-0.00467089146077674,0.1739252098886525,0.033028388954077,0.2036245450161729,-0.0174051135580547,0.173995760632143,
ZBTB37,0.07402346195140634,0.005026255298221057,0.0735313588353945,0.0609713901380205,0.0878974106574984,-0.0355540763754945,0.0734697633083328,0.0691044406453989
ZBTB42,0.22132331766792723,0.02672150674829362,0.2203524906412163,0.0440213875639087,0.2424867274944014,0.0213683059856058,0.220379739873695,0.0370176692365039
ZBTB7A,0.15701940911291168,0.04754121598764872,0.1564528699232013,0.0819826066491552,0.1814452539446496,0.0470275487016444,0.156611871993873,0.0590102641496876
ZEB2,0.20379941563968917,0.08996513870435277,0.2025189916567354,0.1194260091458438,0.2226455510850193,0.0253051625265674,0.203037149855834,0.0951052059297138
ZFP36L2,0.1166974020760735,0.05433127464184131,0.1161206930168376,0.0579117305392825,0.1341422033855927,0.0310108677772715,0.115923983472139,0.0811551783443784
ZFPM2,0.1237315193866094,0.06526134547574877,0.1230114787396775,0.0871895601936224,0.1375634602608834,0.0724283743483993,0.122982574933874,0.0848670824891853
ZIC2,0.1671745307084782,0.04319100827939844,0.1665636951508216,0.0677204343094231,0.1892043355878431,0.0308750999048645,0.166576873304288,0.0779972496833119
ZNF136,0.17329648604002582,0.05441041270593534,0.1726505650972667,0.0803547416561402,0.1948533804124686,0.0314497710263507,0.172350775678421,0.104469794761384
ZNF286B,0.17189385170016852,0.05509800970026628,0.1708005480959224,0.1023250269673306,0.1974195763564393,0.0644558838259266,0.171425747358453,0.061865716105007
ZNF296,0.1587847380678199,0.19401366800429298,0.1586160885760134,0.2010782822295808,0.1848527686097718,0.1283900533562479,0.157849758952408,0.216916784980033
ZNF618,0.11508639358606122,0.13818289003161344,0.1149237204401995,0.1395258089320735,0.1419314944788506,0.0281120452649832,0.114823683770871,0.149380630381622
ZNF777,0.12890848791369539,0.04039604975673213,0.1289079581340657,0.0072909106281596,0.1492944729173602,0.0110513856439187,0.128761079869405,0.0075516857821191
ZNF827,0.1891461153180879,0.01567898956433247,0.186007956661984,0.0460540657366149,0.2042662977894238,0.0247907114601469,0.18577281091158,0.077140455177947
