perturbation,feature_0,feature_1,feature_2,feature_3,feature_4,feature_5,feature_6,feature_7,feature_8,feature_9,feature_10,feature_11,feature_12,feature_13,feature_14,feature_15,feature_16,feature_17,feature_18,feature_19,feature_20,feature_21,feature_22,feature_23,feature_24,feature_25,feature_26,feature_27,feature_28,feature_29,feature_30,feature_31
AFF1,0.0271716,0.029153725,0.028981227,0.026089275,0.026182236,0.029740512,0.024546666,0.026271556,0.032854952,0.036052037,0.03722046,0.032125846,0.053423613,0.022036176,0.031060047,0.03678157,0.02516493,0.034500726,0.032160755,0.023765815,0.037157837,0.024284828,0.030606365,0.029258674,0.03964384,0.02534376,0.029786125,0.039328013,0.037986666,0.037220616,0.022150362,0.031949177
ALX1,0.02736487,0.0317326,0.0357918,0.030150652,0.031793643,0.02822408,0.036047876,0.03137812,0.035203584,0.03386945,0.037425574,0.031506754,0.03395308,0.030101778,0.02965902,0.034151997,0.028670648,0.03644394,0.029330565,0.030598974,0.030319119,0.028776526,0.031422656,0.023331383,0.025814516,0.028312419,0.02919181,0.033987194,0.031159807,0.03828291,0.0278444,0.028158262
ALX4,0.0088700075,0.02241885,0.07810965,0.024122495,0.045422655,0.021510582,0.026880194,0.021366186,0.017457962,0.022211256,0.023373201,0.01887696,0.022236,0.07302648,0.016778026,0.03211085,0.015757354,0.025592422,0.02104118,0.018898875,0.025092004,0.022435915,0.015645104,0.05844908,0.012151541,0.12295575,0.0589994,0.018830448,0.031158594,0.020352175,0.033987563,0.023881244
ARID1A,0.040623855,0.030826079,0.027202662,0.02537062,0.028330155,0.02724039,0.039513648,0.031052643,0.03063476,0.030456623,0.035691414,0.030934444,0.029152773,0.029971663,0.030615473,0.032805268,0.03020448,0.031544007,0.035387706,0.029471736,0.028232457,0.034084514,0.033424348,0.024307178,0.031012833,0.021849703,0.034744635,0.030701151,0.04559641,0.02989161,0.030154273,0.028970461
ARID3A,0.0135695,0.037707582,0.024705084,0.020874213,0.030129706,0.03922947,0.035337623,0.02612056,0.028797356,0.028417667,0.018550746,0.027470322,0.03133076,0.03189313,0.031024534,0.031792928,0.033585485,0.032959737,0.03164954,0.021914864,0.03649441,0.035685398,0.054150876,0.04123837,0.017100167,0.058627907,0.02725941,0.032278668,0.04158497,0.027070548,0.025061341,0.026387097
ARNTL,0.03159972,0.034619655,0.026120529,0.026610104,0.029051686,0.035474475,0.037546195,0.027462177,0.023783255,0.03554499,0.02809846,0.024474518,0.019612312,0.032598447,0.03458131,0.020587498,0.034296233,0.026279837,0.033672713,0.03274847,0.02822449,0.031503227,0.028879082,0.03476965,0.03259924,0.02613233,0.029994098,0.027843604,0.043296065,0.055202577,0.0342613,0.03253181
ATF3,0.019419933,0.017961074,0.026572697,0.01561015,0.0188857,0.023224043,0.022656836,0.058070306,0.01415232,0.015112023,0.016240653,0.020749483,0.04468623,0.019088956,0.018551575,0.039953247,0.018172884,0.10202815,0.02219104,0.017478697,0.14874837,0.022758318,0.021631291,0.02315655,0.061463516,0.016054353,0.016331308,0.017616663,0.034192335,0.024458658,0.045398474,0.017384147
BARX1,0.022864083,0.036667217,0.02177589,0.037943635,0.030744351,0.028887546,0.048912045,0.03917124,0.022326939,0.029124929,0.032710757,0.026576456,0.03301509,0.028070671,0.032741845,0.032303445,0.035895713,0.034629352,0.026817283,0.028194562,0.034245845,0.038627386,0.023322068,0.03658143,0.04243587,0.030032765,0.029454777,0.023396114,0.03195384,0.030830074,0.010472235,0.03927445
BBX,0.12042724,0.045567207,0.013128671,0.0132643115,0.01504097,0.020124178,0.01528429,0.018684462,0.075218596,0.014069817,0.08612902,0.015891783,0.012811892,0.0660793,0.011924596,0.013137837,0.012148428,0.017137656,0.013401133,0.010335729,0.011906731,0.010937892,0.01589344,0.03804355,0.04248118,0.015118478,0.020451501,0.12826802,0.01433487,0.012185039,0.065585345,0.014986779
BCL11A,0.0162754,0.018970499,0.022426875,0.019759307,0.022002986,0.033747595,0.030692497,0.03150557,0.034854025,0.028759642,0.041480362,0.0245729,0.031686917,0.04161011,0.046033386,0.03422709,0.04245796,0.029796228,0.029330783,0.027394956,0.033011742,0.025435466,0.031312224,0.034190267,0.036011286,0.035440866,0.035555124,0.03858472,0.032838274,0.021845853,0.036211196,0.03197794
BCL11B,0.02722247,0.032172862,0.028425973,0.041302584,0.030116376,0.03411265,0.03110384,0.03476439,0.029613622,0.032932088,0.023570847,0.028790997,0.032637164,0.030266786,0.03248023,0.033655148,0.032915168,0.038874142,0.028140714,0.03263419,0.030262908,0.028880693,0.029715568,0.0342035,0.030303502,0.03263769,0.029221632,0.03177674,0.027742516,0.024733651,0.032298382,0.032490984
BHLHE40,0.023079757,0.02634017,0.01937416,0.032161232,0.026437754,0.03152953,0.023696361,0.022317316,0.030826686,0.023018999,0.030126141,0.05489966,0.029028432,0.02922931,0.028618207,0.037025776,0.02259422,0.04458055,0.04624305,0.029310867,0.034302603,0.04917447,0.022727517,0.03562691,0.02164515,0.025405213,0.021709772,0.030609438,0.03489034,0.033188567,0.049728036,0.030553853
BHLHE41,0.028589034,0.034279473,0.033036705,0.029176287,0.03234749,0.028975952,0.031706445,0.02903096,0.022325424,0.03159592,0.032954216,0.035564695,0.03294861,0.03240858,0.027730728,0.032706268,0.032807957,0.028989919,0.029200912,0.032931667,0.030263767,0.026052995,0.04078754,0.034696933,0.032385144,0.028754933,0.025651986,0.029979223,0.030449914,0.028793437,0.03001211,0.042864744
BID,0.0739532,0.04340228,0.007943752,0.055590708,0.26727077,0.0065323594,0.0062984712,0.011764606,0.0049264464,0.0061962483,0.0042913277,0.006632793,0.0040728827,0.0044250097,0.1925703,0.004453179,0.0042319596,0.00755084,0.004384514,0.0045879586,0.0049963812,0.0046479213,0.0049710646,0.0043132794,0.004947353,0.004376447,0.0040316284,0.052689176,0.006846389,0.00446817,0.17846406,0.0041685873
BNC1,0.021497471,0.027877744,0.022660945,0.033536438,0.03190673,0.03663164,0.030535068,0.026848152,0.028698385,0.03191239,0.030837836,0.032212738,0.027446391,0.031385206,0.027072633,0.030866435,0.035482608,0.034699842,0.016701771,0.036893103,0.033153232,0.026693145,0.03600465,0.029744735,0.044459686,0.03508432,0.031353295,0.035879884,0.0311155,0.034941964,0.032603435,0.033262596
BNC2,0.011638832,0.017583152,0.027100805,0.021931222,0.031314597,0.026752798,0.030797277,0.020958662,0.024588834,0.028695337,0.02958591,0.0360924,0.0322116,0.028222116,0.033833496,0.033442188,0.040550604,0.039441384,0.035168465,0.03265267,0.03126692,0.038487494,0.03189341,0.026689801,0.03391454,0.03188686,0.03410801,0.03771826,0.04311517,0.035055116,0.028305171,0.044996914
BPTF,0.024568422,0.03320252,0.033895116,0.034073763,0.035468623,0.02980025,0.03327437,0.029248113,0.03111571,0.041681655,0.029717753,0.0348912,0.026852038,0.028590102,0.033898927,0.031057194,0.03143588,0.033383355,0.027498405,0.02846579,0.027497156,0.033633333,0.032134634,0.035032928,0.025351722,0.028275793,0.027831513,0.031622924,0.03861204,0.030953389,0.02943691,0.027498463
BSX,0.023806246,0.025619138,0.030179193,0.02594287,0.03297009,0.023963321,0.036867596,0.02991332,0.03265236,0.020276804,0.024602184,0.030217879,0.03784158,0.029882824,0.026920581,0.028205466,0.025251398,0.03429191,0.029304828,0.032558188,0.023263177,0.030729678,0.035420846,0.032362707,0.023481257,0.024418559,0.056341495,0.0660151,0.027750256,0.038674552,0.027991856,0.032282736
CARHSP1,0.10056691,0.10836128,0.16359118,0.2601862,0.00102911,0.0010326626,0.00911476,0.0010431878,0.001007365,0.105447106,0.0011717676,0.008296252,0.0014043516,0.0011295172,0.0012168658,0.087029316,0.0011926556,0.02773713,0.0011038478,0.0011627902,0.0010623239,0.0010797054,0.00094244856,0.06444755,0.0013039096,0.0011013116,0.00096398784,0.001161109,0.001842236,0.0009275896,0.001243208,0.041100346
CASZ1,0.08123449,0.018956563,0.06606126,0.040154908,0.07165183,0.051206186,0.019077733,0.019030802,0.01828113,0.017971363,0.021262037,0.025060184,0.099143215,0.0152226435,0.019362668,0.02170133,0.02636194,0.020472122,0.014015727,0.018072037,0.018232508,0.06370361,0.052477047,0.012116733,0.023820605,0.022521878,0.019569373,0.02410979,0.015626844,0.029013013,0.012815394,0.021693073
CDX2,0.07712726,0.035839353,0.027125223,0.028821388,0.025656067,0.033564508,0.0117770815,0.032904666,0.018694172,0.035440296,0.02576803,0.041762386,0.045018554,0.020571947,0.0168799,0.03246696,0.01704165,0.015623968,0.013607261,0.02050151,0.028397523,0.022169378,0.031179706,0.05805484,0.032253485,0.017354077,0.015163546,0.019926764,0.036702767,0.12314914,0.017742475,0.021714073
CEBPA,0.053730212,0.036544684,0.0332254,0.0382949,0.014926897,0.08266147,0.051972136,0.017015312,0.08005723,0.018636433,0.029423974,0.029375644,0.015106981,0.012867582,0.0270105,0.014985385,0.024403468,0.040273454,0.021780452,0.070346296,0.012794082,0.01323444,0.06693108,0.022202391,0.021372044,0.017435309,0.012977888,0.05521268,0.017573224,0.021017626,0.0067753484,0.01983542
CEBPB,0.018957274,0.028142827,0.025566176,0.035756957,0.022159882,0.08490826,0.04345138,0.023165282,0.035563745,0.028629705,0.02942246,0.061214186,0.031613365,0.018611763,0.03217257,0.02942697,0.014030138,0.037481476,0.017725848,0.057489228,0.024483507,0.02308003,0.029702887,0.02339947,0.05519343,0.021494582,0.02344222,0.013418221,0.025037613,0.047269642,0.01667278,0.021316139
CREBBP,0.02211023,0.034117736,0.07367251,0.014902632,0.02707636,0.030624919,0.051121794,0.026150541,0.055962496,0.02839276,0.02145847,0.028814647,0.030790878,0.026208876,0.061452504,0.022166088,0.024229657,0.024049778,0.026840223,0.02842861,0.02264228,0.040279716,0.01851036,0.022441788,0.025529232,0.04110641,0.029853553,0.027110174,0.03343579,0.033771392,0.0249391,0.021808416
DLX2,0.04867434,0.02230089,0.031676527,0.034805413,0.03060822,0.027304502,0.0340604,0.043682713,0.017277963,0.0229322,0.027366908,0.08092139,0.021384466,0.039929334,0.050239075,0.014907302,0.026641138,0.033358492,0.033114053,0.011076026,0.03138505,0.020683102,0.020619247,0.06554827,0.035913836,0.014041409,0.016528757,0.038246777,0.027633304,0.020025292,0.021227073,0.035886515
DLX3,0.060464516,0.016220743,0.022041148,0.033618815,0.031151993,0.043676756,0.040557906,0.028085623,0.015755057,0.038624614,0.01784612,0.07716229,0.029879814,0.03448412,0.019148074,0.030619731,0.02387388,0.016565748,0.039676704,0.025461806,0.027609488,0.026480185,0.023220968,0.038782466,0.048057698,0.018441614,0.04100604,0.029400293,0.045965925,0.025957093,0.013854868,0.016307877
DMRT1,0.023223601,0.02100193,0.030255541,0.026799258,0.03287845,0.03432704,0.034371004,0.025012232,0.040371675,0.0319671,0.03686946,0.026149685,0.028206995,0.038017746,0.042286254,0.034867804,0.027831051,0.03353941,0.03496845,0.028841918,0.036187276,0.028113006,0.03435531,0.02764568,0.029006526,0.04748365,0.031488176,0.0293101,0.029990384,0.029721431,0.023133693,0.02177823
DNAJC1,0.13234614,0.002574785,0.0032466159,0.002793405,0.07469236,0.048435,0.0028345732,0.003100495,0.003118225,0.0031286492,0.002885739,0.0027378,0.0037142301,0.0030020238,0.34918022,0.002748453,0.002447851,0.0029380887,0.0029894651,0.0028475479,0.003004281,0.05725646,0.018371692,0.003275622,0.0028905629,0.0028349017,0.22534063,0.023670064,0.003020637,0.002581128,0.0030526326,0.0029397286
EBF2,0.033620127,0.028241409,0.029928971,0.024176005,0.022944616,0.021941457,0.03834274,0.028415108,0.021275539,0.071015745,0.037039895,0.035877567,0.034120083,0.012582036,0.034088064,0.029782854,0.027367923,0.04613549,0.017139442,0.044255335,0.04767596,0.025543515,0.019054081,0.028360458,0.007968652,0.03123443,0.026055725,0.04217192,0.05652691,0.032936588,0.025390606,0.01879074
EBF3,0.04894298,0.03511444,0.025917897,0.02727843,0.017841445,0.03371409,0.038317252,0.028612062,0.030463291,0.035960007,0.04348614,0.020048209,0.026023677,0.026338367,0.031681,0.024172101,0.027391309,0.03625351,0.045278195,0.03119139,0.028031997,0.024451101,0.027212135,0.023978354,0.022939643,0.03744332,0.021949505,0.037355136,0.038031258,0.03388543,0.040200535,0.03049583
EGR2,0.04427858,0.026029227,0.015286947,0.055309057,0.024886606,0.029650137,0.029662037,0.029310005,0.030925365,0.03391905,0.022549564,0.04483346,0.01841393,0.02477229,0.023298636,0.02531092,0.021589313,0.035740487,0.045740094,0.026545336,0.032895308,0.031130342,0.031397503,0.039738316,0.043636553,0.033167016,0.02627664,0.05569971,0.02316311,0.017759949,0.03614757,0.020936934
EGR3,0.032451786,0.030669495,0.03258467,0.02619553,0.03158563,0.039907448,0.033538863,0.02114099,0.03374336,0.027699435,0.040546004,0.042625193,0.026619248,0.02595561,0.02551019,0.041048497,0.033918187,0.04111985,0.035573445,0.051209103,0.028281653,0.032855004,0.029708462,0.02439929,0.03440059,0.011543134,0.024979686,0.034409426,0.025236422,0.020444961,0.023706416,0.03639243
ELF4,0.023798104,0.032667503,0.030926019,0.024048572,0.030563824,0.03840229,0.029878054,0.031193867,0.023892378,0.039147243,0.035576534,0.031957965,0.028954487,0.02904519,0.0359452,0.029751863,0.03761737,0.038594093,0.019434748,0.033276126,0.030349597,0.03027189,0.03020783,0.029089727,0.039606083,0.027181013,0.027959734,0.03020083,0.027002644,0.036137704,0.034529112,0.032792445
ELK3,0.04532091,0.159608,0.11387236,0.01808505,0.017432788,0.012031588,0.056952383,0.013797253,0.012947395,0.008354365,0.011950374,0.07934542,0.014591695,0.053682186,0.014964,0.023974072,0.042984936,0.01633174,0.013047519,0.01981098,0.01574006,0.01038821,0.027275193,0.018189892,0.009816513,0.0146214785,0.036999706,0.012017721,0.013209,0.048139837,0.0147507265,0.029766664
EOMES,0.019539924,0.019951457,0.02302274,0.053645838,0.016049214,0.03588065,0.020352343,0.037043314,0.027585136,0.024104547,0.031535164,0.046767123,0.029180985,0.0189084,0.050924208,0.020190656,0.031474706,0.0386086,0.02229798,0.014538935,0.02500593,0.054299675,0.02937633,0.036214966,0.01347216,0.07033316,0.04907682,0.029509552,0.04081742,0.02554808,0.030512296,0.014231668
EP300,0.010428217,0.015370661,0.022002008,0.027726553,0.024165215,0.02989481,0.027779484,0.028794969,0.028666284,0.03843154,0.028968481,0.036214698,0.042769305,0.029583126,0.035722155,0.030906001,0.027931273,0.03751152,0.036309175,0.030294513,0.03694554,0.030496057,0.034706518,0.032795586,0.0318754,0.034281373,0.031570233,0.032856967,0.03816975,0.0378894,0.02789637,0.041046802
EPAS1,0.08106401,0.12845951,0.040723424,0.0070406003,0.02665853,0.009884656,0.0066680443,0.06580017,0.008580228,0.04175186,0.06727536,0.006066395,0.008001496,0.036227252,0.008262394,0.00866999,0.009567951,0.026398167,0.008608603,0.0076033417,0.009563175,0.007083611,0.011299797,0.012874207,0.008245353,0.11611796,0.0069250404,0.090068005,0.008347595,0.010707458,0.10746076,0.007995019
ESX1,0.033788066,0.017814633,0.02984146,0.026947504,0.019798456,0.036664058,0.029273218,0.039974738,0.043944817,0.01599507,0.037559196,0.0587428,0.03485351,0.023170358,0.027277136,0.0042964136,0.018003702,0.033895444,0.11357663,0.02238713,0.016267804,0.023096878,0.018462928,0.021712717,0.02298914,0.0,0.014343721,0.03675523,0.031828642,0.07728706,0.02470496,0.044746585
ETS1,0.012242626,0.023157144,0.028085144,0.027362172,0.030760653,0.029924108,0.027282652,0.035457462,0.03662028,0.029791972,0.025121227,0.027611813,0.033504598,0.04283725,0.04213387,0.034355633,0.043981407,0.03174636,0.029573541,0.02828449,0.03177137,0.029829174,0.028153418,0.032703172,0.031232296,0.031206481,0.024395818,0.026778195,0.05064611,0.0328505,0.028354429,0.032244604
FEZF2,0.012003064,0.023658402,0.024339994,0.019063568,0.026671892,0.03366014,0.036289487,0.031107835,0.022976324,0.023465807,0.031927638,0.027754446,0.04875043,0.032683305,0.050794728,0.022017958,0.08114862,0.03653976,0.026162969,0.02585169,0.026945619,0.028412322,0.030077318,0.026627883,0.026445221,0.029397056,0.026438866,0.024766363,0.047873754,0.029649647,0.034863494,0.031634465
FLI1,0.037883848,0.027547946,0.029179981,0.025334986,0.032146074,0.026097545,0.030381339,0.030051468,0.02551139,0.025407799,0.030899622,0.036733955,0.021864258,0.035860345,0.04608387,0.028315559,0.03098289,0.032930687,0.029630102,0.02821085,0.03294994,0.04221782,0.033918846,0.03775416,0.035994537,0.027164204,0.033946425,0.02850257,0.03302382,0.026898365,0.025044858,0.031529907
FOSB,0.012610409,0.014572505,0.025379557,0.024026398,0.029600348,0.034669064,0.02713943,0.02623631,0.025506863,0.026528956,0.03160602,0.027642317,0.032150168,0.036509074,0.057188068,0.025745785,0.032283366,0.04257137,0.029529776,0.036143765,0.033883702,0.024085438,0.027829215,0.046617612,0.034817025,0.027972749,0.026479822,0.032026768,0.0492904,0.035881024,0.026616767,0.03685992
FOSL1,0.007613589,0.0149948485,0.023197105,0.03358449,0.0317059,0.03415758,0.041042045,0.025944684,0.030210648,0.036375843,0.051505197,0.018797306,0.028052937,0.03388446,0.035264608,0.048316047,0.0384917,0.03785696,0.02179569,0.0369086,0.040606737,0.028832017,0.007148363,0.02780793,0.026567485,0.035579767,0.036713913,0.03481922,0.034881897,0.03196145,0.03428179,0.031099217
FOSL2,0.028401496,0.027205179,0.032717187,0.022740718,0.032042064,0.032552674,0.032126117,0.028401863,0.03217684,0.03662845,0.037006922,0.030145619,0.028099274,0.028498352,0.03202896,0.025491131,0.034354,0.029060112,0.030473154,0.03726811,0.03485408,0.035758648,0.03147582,0.031896636,0.03411529,0.028205642,0.025912886,0.03366878,0.029524488,0.036451194,0.028119555,0.032598797
FOXA3,0.039801497,0.015816707,0.022022728,0.036017716,0.04009327,0.03165674,0.022399867,0.030934315,0.027894525,0.029400961,0.022613056,0.025613762,0.041055366,0.031113364,0.043633442,0.024527585,0.05050035,0.03797874,0.029263565,0.018538138,0.025715537,0.017908117,0.04973822,0.017936131,0.031360615,0.028227594,0.034506522,0.035156753,0.035331275,0.025841529,0.058419842,0.018982206
FOXC1,0.025353774,0.03005786,0.044462442,0.010248658,0.04069241,0.04606124,0.037409384,0.036552545,0.0,0.030244919,0.031318877,0.033407934,0.041257314,0.032370225,0.016377585,0.037828214,0.026088102,0.02965998,0.030276341,0.029815814,0.034747094,0.022291483,0.038962968,0.03031106,0.026374465,0.048560925,0.04779294,0.033713747,0.033503693,0.024802016,0.026088856,0.023367051
FOXC2,0.013828724,0.046708737,0.027548226,0.023850158,0.015886633,0.034161687,0.044273555,0.050816957,0.01561919,0.071525656,0.047831967,0.043450568,0.020459687,0.039859734,0.040905,0.022715192,0.03107915,0.026948113,0.031748068,0.020156918,0.018730704,0.021298181,0.028202454,0.021671215,0.032081287,0.049856335,0.025704537,0.031167781,0.019785393,0.035015095,0.024503827,0.02260924
FOXD1,0.05913552,0.1021253,0.0851003,0.011555718,0.07628397,0.037406407,0.09626851,0.015997078,0.029905945,0.012613371,0.07290439,0.029564576,0.035968848,0.014064208,0.021182565,0.011751695,0.013812721,0.040452164,0.04686028,0.020329187,0.012125846,0.017389026,0.011740708,0.022354508,0.015912408,0.013461016,0.0,0.018289924,0.016794488,0.013883447,0.014644858,0.010120986
FOXD2,0.015235022,0.08098149,0.0141774565,0.018247642,0.032191936,0.024086444,0.07606106,0.06978631,0.020801095,0.041766196,0.035439562,0.029506126,0.037903637,0.027168842,0.04610975,0.020481749,0.03633265,0.041857835,0.0328673,0.0,0.028526112,0.034834675,0.012711165,0.023158953,0.02536845,0.027985636,0.025292072,0.030158985,0.022667725,0.03559851,0.03269561,0.0
FOXD3,0.024756903,0.028850209,0.030963454,0.035480607,0.02465172,0.038062755,0.030050565,0.03043325,0.034776483,0.04377146,0.029454034,0.030834224,0.031112429,0.03169381,0.034171052,0.03685436,0.030737462,0.03524738,0.029073577,0.0041866703,0.02711818,0.037894774,0.029300014,0.031644348,0.03550589,0.0338592,0.03303838,0.03423018,0.02732752,0.030951891,0.034684278,0.029282907
FOXE1,0.015912058,0.021590121,0.08268831,0.017198637,0.034862306,0.017928181,0.08705912,0.026528325,0.021540638,0.08833997,0.027920824,0.038452435,0.020844882,0.024662491,0.03319121,0.021877445,0.016792553,0.029166376,0.02377962,0.01733469,0.02612739,0.02004428,0.023162296,0.06296379,0.026290871,0.015830752,0.02757213,0.024543796,0.037299026,0.020717546,0.03063929,0.017138619
FOXE3,0.021287998,0.023886215,0.040332634,0.022864651,0.032537375,0.034655098,0.033327118,0.033479292,0.025595691,0.028792104,0.030455751,0.021482773,0.043389447,0.035771634,0.031266462,0.034185167,0.035346106,0.031491328,0.03064328,0.03846668,0.032397863,0.029034596,0.02659728,0.029767757,0.033721842,0.04450083,0.029446045,0.032541297,0.026823958,0.030303938,0.029284682,0.026323037
FOXF1,0.017000187,0.021449802,0.02924048,0.03246116,0.029732686,0.028903231,0.04825985,0.033284765,0.03348777,0.032688707,0.02965078,0.031582892,0.0387639,0.027737752,0.027773237,0.037911117,0.031190068,0.029163959,0.029553844,0.027275877,0.02995436,0.027173562,0.035236813,0.038898483,0.029635249,0.029236702,0.02992986,0.028307965,0.03482486,0.03886975,0.025840288,0.03498
FOXF2,0.017631805,0.021915365,0.03545245,0.035344567,0.03466604,0.02851099,0.05850721,0.02911714,0.027883435,0.025150413,0.023593806,0.025951434,0.051313035,0.024841582,0.028220687,0.042980768,0.028613742,0.03172175,0.029675242,0.027375393,0.030386824,0.027008826,0.0312812,0.045683134,0.02843099,0.026455704,0.033626046,0.026430575,0.031383332,0.028572537,0.028801093,0.033472862
FOXI3,0.026141971,0.033246823,0.03487885,0.0348289,0.024677731,0.03421123,0.042265195,0.025004676,0.023605766,0.033890333,0.026540672,0.032708235,0.043694727,0.033939455,0.03661372,0.03383788,0.03431194,0.030948963,0.025932921,0.033936925,0.030526932,0.024354277,0.029534904,0.039801367,0.02783379,0.028534496,0.026320877,0.031699453,0.027166305,0.022824861,0.01683838,0.049347438
FOXJ1,0.11976782,0.009307175,0.07785602,0.008927157,0.0077202576,0.010608477,0.16031699,0.0076071355,0.0076113744,0.00782739,0.023653105,0.008078174,0.10571187,0.009045612,0.23107766,0.008600356,0.01260676,0.009549764,0.008637636,0.010196532,0.015988845,0.0070621893,0.00715152,0.008339132,0.006865998,0.011136331,0.051134374,0.010380696,0.008535384,0.0099571105,0.010008293,0.008732808
FOXL2,0.020093808,0.019871967,0.025603063,0.034916572,0.028957576,0.038527258,0.03492823,0.031445272,0.03881526,0.035969336,0.024910064,0.029882515,0.047688033,0.023879087,0.029179221,0.0396401,0.028612405,0.035872925,0.02721255,0.027497407,0.028236981,0.029056676,0.0345217,0.033858318,0.02917295,0.026766803,0.031894747,0.028242853,0.036274724,0.029320486,0.03443429,0.034716852
FOXP4,0.03298582,0.033747222,0.028942227,0.020975826,0.023530267,0.032461062,0.042555567,0.021358766,0.030890968,0.028861621,0.039909966,0.02922086,0.03477344,0.025117211,0.042515885,0.032027077,0.020241685,0.050741196,0.027884195,0.023258436,0.044225916,0.028430447,0.03363235,0.024276722,0.025537008,0.02403192,0.034061115,0.031200193,0.055799816,0.024086043,0.026742527,0.025976622
GATA2,0.08386494,0.025209187,0.01890941,0.031949867,0.039197214,0.014492242,0.07546931,0.021135125,0.03621786,0.0313066,0.043299213,0.01808345,0.019038552,0.020463103,0.009056538,0.06623065,0.012037325,0.0168853,0.0130427135,0.017928787,0.03176298,0.013833466,0.03190082,0.020188943,0.05555174,0.09220703,0.030288449,0.02912289,0.017719895,0.016024603,0.01995482,0.027627025
GATA3,0.036135424,0.02375095,0.027640205,0.03475863,0.024887735,0.02355246,0.054194592,0.028097441,0.04357197,0.036084656,0.023926111,0.025702734,0.054990903,0.030012319,0.027116582,0.045242906,0.026328951,0.035039056,0.026380679,0.025425272,0.025106393,0.0198201,0.04437676,0.04900918,0.019663801,0.023188867,0.023417495,0.024180612,0.03093951,0.03261194,0.019956065,0.034889713
GATA4,0.013580657,0.018816195,0.023403512,0.0280548,0.030570759,0.04217851,0.028846206,0.026163379,0.03101368,0.027458053,0.035366002,0.029588612,0.04635016,0.03300305,0.028815813,0.026044302,0.02791093,0.03850938,0.033743616,0.026126062,0.038781255,0.03920587,0.035087097,0.03380738,0.036609787,0.028282242,0.027451199,0.031033663,0.03882447,0.033543956,0.0339392,0.027890211
GATA6,0.051389568,0.05905374,0.029589687,0.029444413,0.025056483,0.040054098,0.038716163,0.022539722,0.036086015,0.035741385,0.034863077,0.021997824,0.0676644,0.037064243,0.02637309,0.024221182,0.030777646,0.028895225,0.019998318,0.01607315,0.025109522,0.024873868,0.040696464,0.034413695,0.026797649,0.013097414,0.027186366,0.024023961,0.025731906,0.023386149,0.037545893,0.021537688
GFI1,0.028087987,0.018614339,0.020621862,0.024025029,0.032894555,0.035269897,0.038626507,0.050111,0.034869723,0.031786814,0.019228695,0.029833449,0.03290815,0.032827534,0.034112744,0.033837646,0.030182894,0.03410044,0.03348151,0.024740892,0.018415714,0.029044764,0.038312178,0.02020619,0.05296435,0.039496846,0.03394317,0.028633121,0.023108693,0.040585365,0.03348817,0.021639733
GLI1,0.049254935,0.047390036,0.039306436,0.056939583,0.020098772,0.03706344,0.04501422,0.02379013,0.01999219,0.02338009,0.042924948,0.05232725,0.017901128,0.011778013,0.027496286,0.0110271415,0.027936112,0.026994675,0.022151176,0.022583365,0.034063354,0.014817851,0.02303007,0.039184984,0.012166923,0.060626514,0.05549027,0.03332795,0.053587623,0.006732606,0.030012872,0.0116090095
GLIS3,0.035183065,0.019258497,0.03669226,0.02967076,0.025403999,0.045959868,0.024758955,0.016098075,0.026892928,0.024041168,0.03553565,0.051768817,0.022112953,0.01857537,0.03457618,0.03015058,0.0248288,0.04737044,0.02584958,0.024032583,0.0367837,0.01626568,0.021323135,0.05108912,0.02189261,0.0,0.02391308,0.05667634,0.042178944,0.04615464,0.039675992,0.04528621
GSC,0.02577548,0.037958134,0.029615868,0.025150372,0.037760478,0.026750077,0.033497382,0.026731672,0.029178904,0.020766823,0.030266013,0.030136898,0.030509869,0.028050037,0.031574313,0.038763616,0.024271179,0.032804366,0.029914754,0.025858967,0.031039558,0.029256344,0.040187832,0.0277194,0.026200503,0.03086707,0.026891427,0.05029818,0.029108897,0.048386123,0.027338538,0.03737092
GSX2,0.03640669,0.033475205,0.03893473,0.021718208,0.024980301,0.032793745,0.03196223,0.03143707,0.027817788,0.027509095,0.03678311,0.027573274,0.030512547,0.025332587,0.028067667,0.029722905,0.038788665,0.039103966,0.025725633,0.03274239,0.033031266,0.03329171,0.024951229,0.026628505,0.030179111,0.029860152,0.031220103,0.033057448,0.039060842,0.029695997,0.03761888,0.030016975
GTF2B,0.021366483,0.016771525,0.029712347,0.023218147,0.02401683,0.021624437,0.020984428,0.019544184,0.031405836,0.12734333,0.020461861,0.018239478,0.023365535,0.027106304,0.02059131,0.02910308,0.021487432,0.01972393,0.023647554,0.027030723,0.07510789,0.021245653,0.020091211,0.02456352,0.02567116,0.021123352,0.01954442,0.14654893,0.022900492,0.017273633,0.021045404,0.01813955
HAND1,0.05473193,0.07385963,0.14480937,0.011268546,0.15185378,0.014907384,0.015195265,0.001966893,0.0138846515,0.01550039,0.01969454,0.010281454,0.014926814,0.04717384,0.015008493,0.013843204,0.009784549,0.017126953,0.011661907,0.0069210003,0.043888707,0.17289974,0.017648686,0.008387233,0.0045608846,0.0066327774,0.00836868,0.013274269,0.020063875,0.021919915,0.00857702,0.009377634
HELZ2,0.011870865,0.020253526,0.041008856,0.03588303,0.03811347,0.03438496,0.025306117,0.03504273,0.035842318,0.028364638,0.035000406,0.02213618,0.030350547,0.049524244,0.03604233,0.022022925,0.028546829,0.029514227,0.03936399,0.0259158,0.041630812,0.025163552,0.026893083,0.041538827,0.041104034,0.027546553,0.029885218,0.02555626,0.035288446,0.018985465,0.028933167,0.032986585
HES4,0.19570072,0.007736271,0.0030043952,0.0037612065,0.0037556181,0.003849209,0.01496989,0.025982292,0.003940297,0.03248999,0.0038552661,0.0046395264,0.003801973,0.0048687547,0.004584654,0.48684624,0.0045272824,0.004052146,0.0050413185,0.004116982,0.0050111073,0.0051004435,0.0047583585,0.007171972,0.123662874,0.004639992,0.0044948123,0.0045549744,0.004135403,0.0049685524,0.00484581,0.005131617
HES5,0.022876294,0.017861279,0.029581085,0.02801214,0.02754677,0.027681863,0.033255134,0.036112852,0.031821914,0.024724388,0.026091643,0.027293824,0.02811386,0.023237303,0.031528246,0.041571505,0.03001619,0.038682446,0.03579358,0.026068173,0.044578966,0.03742055,0.033358697,0.042628817,0.025786614,0.022207368,0.033566587,0.03421624,0.041479327,0.03707401,0.027360672,0.0324517
HES7,0.040092092,0.04059312,0.027673073,0.044902354,0.026880644,0.05010551,0.048911538,0.0287878,0.028109368,0.029411254,0.023975927,0.03433689,0.028361153,0.03198435,0.02857866,0.03700382,0.022525327,0.026086887,0.016614346,0.01640024,0.020450559,0.034206048,0.030699564,0.048703864,0.020332346,0.030326735,0.027661813,0.026608298,0.038786452,0.02858906,0.03251099,0.029789966
HHEX,0.009175073,0.01733174,0.023978936,0.022389412,0.024601685,0.03335765,0.03181458,0.03571571,0.035845947,0.030841261,0.027652007,0.03178685,0.0320225,0.03811067,0.044751164,0.028027574,0.034532215,0.03991449,0.035204343,0.028886287,0.03897167,0.030211858,0.027464515,0.037376095,0.033481494,0.03151409,0.031429365,0.03202044,0.034964606,0.031039475,0.036913402,0.028672922
HIC1,0.013600582,0.02790845,0.025774378,0.026201257,0.13449942,0.030587295,0.033895962,0.033279374,0.034440823,0.038618907,0.044118844,0.013804698,0.0035039447,0.01696848,0.035787705,0.029114485,0.025711404,0.022237608,0.007298951,0.048405163,0.029020306,0.03558524,0.029591069,0.023490513,0.017371962,0.016758168,0.031575155,0.018898763,0.026629725,0.040273536,0.05018141,0.03486647
HIVEP1,0.028615763,0.024078192,0.033527583,0.03123023,0.02504639,0.03307371,0.027953936,0.0276005,0.028862888,0.024872303,0.034478124,0.030211056,0.028931523,0.027542002,0.037751164,0.048340075,0.023588793,0.042887487,0.026475178,0.03155318,0.027352063,0.02638903,0.025160393,0.042415004,0.030616408,0.026404811,0.03192302,0.024194166,0.046978988,0.04591468,0.028782303,0.027248979
HMGA1,0.062815495,0.06776835,0.011483017,0.029116638,0.013421129,0.081414536,0.09168252,0.011858746,0.09184572,0.008725024,0.033389594,0.01156073,0.0070860847,0.040760078,0.007354837,0.009572073,0.011750321,0.011896982,0.011618308,0.15531626,0.011657762,0.0115597285,0.010392203,0.009440893,0.011331973,0.072867885,0.047433686,0.010543062,0.013386967,0.011165647,0.0090814885,0.010702167
HMGN2,0.117630355,0.08866107,0.22172603,0.013619333,0.017456617,0.016380869,0.022441542,0.01165569,0.01592254,0.09162443,0.016188767,0.01490021,0.016300153,0.02423531,0.019682316,0.015196506,0.012723147,0.019989738,0.02083086,0.0151696615,0.011535416,0.019289102,0.010588497,0.013215114,0.016696824,0.0141815515,0.018003006,0.021927973,0.012231766,0.022664426,0.017999113,0.029332055
HMX3,0.023441833,0.026702585,0.027686648,0.024001865,0.02829945,0.032546327,0.043361604,0.025315648,0.015360131,0.02992911,0.022483192,0.027498668,0.028543374,0.029445928,0.034393083,0.038424026,0.035004076,0.03667931,0.026690317,0.026708484,0.034332894,0.027658597,0.036705524,0.049101114,0.026975006,0.06084043,0.023944907,0.030971346,0.030566022,0.024089074,0.037774846,0.03452461
HNF1B,0.101487204,0.09680485,0.016956829,0.02439912,0.015720233,0.022941899,0.15142965,0.012307401,0.061663087,0.014893491,0.016824568,0.015269433,0.016387144,0.016976297,0.01720903,0.016899867,0.04194551,0.017321033,0.015427651,0.010396989,0.10970404,0.01603831,0.029178904,0.015012824,0.017528212,0.014115729,0.01557137,0.012656789,0.02208513,0.015921382,0.013967293,0.01495871
HNRNPAB,0.023872133,0.03913477,0.024270015,0.02150245,0.02875346,0.031808034,0.032900784,0.030762695,0.030109318,0.031779926,0.028510824,0.027961908,0.033771522,0.03583644,0.029756624,0.042466477,0.025785424,0.037196837,0.02777328,0.022375088,0.031947616,0.028066365,0.03770919,0.03658864,0.028511016,0.031225514,0.03163866,0.028933294,0.042749826,0.027666368,0.03531538,0.033320054
HOXA13,0.04360301,0.030862698,0.029895645,0.0267777,0.0315048,0.030431747,0.03284816,0.035071384,0.033342205,0.026547294,0.02467547,0.036954522,0.02640088,0.074384175,0.041324176,0.028659899,0.028615989,0.027670769,0.021959774,0.03548013,0.0259524,0.025711244,0.027532447,0.04810985,0.03173843,0.017063878,0.027479133,0.020354014,0.023512809,0.028688014,0.03366977,0.023177557
HOXC9,0.051496245,0.035254423,0.031096557,0.04075821,0.033280905,0.109596826,0.032377023,0.0980132,0.019931508,0.015772015,0.020455662,0.023482157,0.018346718,0.021656955,0.035377473,0.016498296,0.013773266,0.07691289,0.008695229,0.014777876,0.010436456,0.017186942,0.012272927,0.048018303,0.014545171,0.015469765,0.020968236,0.02697305,0.010819471,0.07669483,0.012364008,0.016697336
HOXC13,0.030588394,0.027591841,0.028743427,0.03185299,0.030689605,0.0329028,0.022995317,0.031572428,0.029474478,0.03254847,0.024886647,0.030694058,0.038792357,0.032035608,0.03484487,0.024843113,0.03143545,0.034716103,0.036590923,0.029871352,0.03644354,0.024665017,0.036553096,0.024639135,0.036060583,0.033447806,0.027315855,0.035240028,0.031034723,0.02759028,0.034204453,0.0351352
IFI16,0.14800876,0.005651943,0.0057907384,0.1363947,0.004155324,0.17871606,0.005262581,0.08572809,0.004837631,0.003242774,0.046531,0.0031478207,0.00649632,0.08805793,0.16229938,0.003642802,0.005062887,0.004319508,0.0051182043,0.006197166,0.004391469,0.005078152,0.0046566576,0.0047807866,0.0047647115,0.03369987,0.0051895035,0.0062582786,0.0063672937,0.005200837,0.0050320374,0.0059187626
IKZF2,0.018340886,0.027979223,0.027219765,0.03265143,0.034714527,0.031132206,0.031708844,0.032133874,0.028855339,0.022152893,0.027196579,0.029720454,0.032363508,0.033727724,0.031060698,0.02941853,0.03579433,0.03616467,0.038941246,0.031237954,0.032678224,0.03711063,0.030993048,0.03383785,0.033060122,0.032404453,0.032320756,0.032722756,0.0385911,0.021763813,0.028129341,0.033873186
IKZF5,0.019561712,0.02565252,0.016570777,0.034639876,0.022212906,0.08175281,0.030648723,0.019872176,0.039262015,0.05112138,0.033778265,0.03063346,0.038744047,0.034501273,0.012941519,0.027413277,0.024616484,0.027356105,0.09044599,0.027735367,0.030432008,0.023358159,0.023084415,0.017256528,0.028416978,0.027888568,0.026131118,0.02382837,0.027402412,0.028987618,0.033578802,0.020174352
INSM2,0.014345029,0.023355156,0.026878426,0.027879499,0.030479938,0.024469543,0.041424707,0.03444481,0.038992535,0.031998407,0.02566537,0.027872587,0.03429316,0.031418998,0.03203036,0.031078545,0.039011136,0.043919813,0.03358213,0.027572354,0.02840762,0.03129468,0.030657724,0.032178953,0.033737246,0.03266802,0.031420294,0.030433236,0.035270702,0.033781763,0.028173363,0.031263918
IRF1,0.058290385,0.016753517,0.023465354,0.019348359,0.02562805,0.011370459,0.0073017883,0.01474924,0.02501847,0.017796261,0.026390214,0.069481716,0.031832524,0.013071952,0.032161966,0.07917006,0.04703407,0.008182218,0.055808417,0.025645824,0.016067475,0.05346105,0.012171411,0.011264302,0.03820651,0.019303232,0.027037367,0.11040134,0.021708036,0.039225027,0.012536098,0.030117314
IRF4,0.04001058,0.06608904,0.020223808,0.015828917,0.0155991595,0.008541161,0.01082426,0.009106686,0.013533784,0.14254662,0.020371787,0.018321024,0.017907294,0.050732996,0.009763414,0.029586954,0.014116285,0.024283003,0.010211788,0.013362107,0.07199982,0.013815868,0.07928084,0.008422131,0.0058489726,0.052469328,0.01169302,0.007196319,0.01196495,0.15952967,0.012976329,0.013842101
IRX3,0.027250329,0.033104703,0.03172297,0.03035659,0.017857062,0.04089209,0.022349374,0.036188386,0.028438607,0.036491565,0.035218462,0.031118449,0.02541594,0.0086797895,0.03785275,0.026769858,0.040080976,0.041804273,0.03374608,0.021982893,0.035276793,0.037671592,0.047683027,0.024278855,0.033870604,0.028331932,0.03239791,0.026181025,0.031764396,0.035980187,0.030787114,0.028455434
JDP2,0.037443914,0.06763327,0.02926382,0.022866886,0.016036628,0.022008361,0.05372342,0.0143572185,0.02582329,0.19493632,0.01345425,0.027401282,0.057135683,0.010910703,0.013711565,0.011535418,0.016725242,0.023467034,0.04982989,0.027582858,0.015459524,0.017145054,0.018914567,0.029114563,0.01725869,0.014506249,0.013359016,0.020362642,0.022229204,0.06053171,0.0120027,0.02326903
JUN,0.03168567,0.032749236,0.028535355,0.024617126,0.030195195,0.03531318,0.044885553,0.030794,0.027040422,0.02411242,0.038621806,0.02856274,0.025502486,0.022402812,0.04757027,0.022015966,0.02744641,0.036603365,0.035449628,0.028901204,0.031107599,0.03485567,0.041729536,0.028644994,0.02362348,0.028650986,0.026263574,0.030769031,0.03599773,0.031659074,0.02957849,0.03411498
JUNB,0.04925459,0.038022164,0.120655015,0.015763385,0.01916591,0.16740455,0.040322565,0.021035144,0.017587846,0.019788167,0.016274614,0.018082445,0.020675862,0.04720416,0.01835874,0.026931744,0.016967967,0.02829681,0.017653406,0.019399311,0.017755125,0.017429773,0.017665442,0.016023751,0.03987584,0.018357523,0.036288958,0.018952303,0.01752625,0.025537036,0.017508853,0.018234711
KLF2,0.01809779,0.028737051,0.026042027,0.031631198,0.034270186,0.025207,0.03783672,0.025840726,0.032423463,0.027438466,0.02924939,0.032242924,0.033127952,0.0525462,0.035712402,0.028602282,0.029310463,0.030957274,0.028407803,0.028650992,0.030057043,0.037890907,0.037127208,0.03389516,0.033456653,0.03362612,0.026230143,0.027638119,0.032464217,0.034244876,0.03126452,0.025772775
KLF3,0.020851435,0.025487814,0.026077138,0.020757249,0.049125392,0.02622951,0.032350507,0.036818676,0.0242477,0.029523287,0.02994289,0.02894302,0.027536971,0.035313595,0.0435449,0.027318537,0.025383906,0.033861417,0.027609682,0.031163357,0.034244373,0.026645757,0.031532962,0.023759961,0.042370588,0.03767011,0.033876706,0.03022703,0.02616399,0.04399064,0.027979186,0.039451677
KLF5,0.022277322,0.023095416,0.040865537,0.032337006,0.033049252,0.03776926,0.03395096,0.043347027,0.025772884,0.019674791,0.026647259,0.024487266,0.028700272,0.06070448,0.08840475,0.030085877,0.03009965,0.035460074,0.018806107,0.02134314,0.027032964,0.0263846,0.029503562,0.023415722,0.02022233,0.015001366,0.031841826,0.032497063,0.032418277,0.021771243,0.036533773,0.026498957
KLF8,0.014492016,0.016037622,0.02541303,0.025682146,0.030666804,0.023961665,0.025726749,0.03594042,0.02763531,0.029925296,0.035346113,0.028356915,0.041667078,0.026364718,0.043750923,0.03667095,0.032615997,0.03763695,0.035955206,0.03123806,0.03427573,0.031888068,0.033032548,0.028670367,0.040441588,0.035332706,0.03176867,0.025241164,0.032705948,0.035840813,0.02626006,0.03945836
KLF15,0.012827739,0.017940648,0.029444788,0.031892035,0.023143997,0.02998901,0.030616732,0.034233443,0.034651004,0.028065868,0.031719383,0.03729717,0.031397182,0.029121483,0.0335419,0.03276869,0.031082153,0.037070684,0.03520816,0.02986991,0.02826127,0.029661303,0.029188722,0.034775484,0.033715993,0.03120682,0.0377448,0.03100897,0.036034007,0.036236085,0.0331004,0.037184224
KLF16,0.034020245,0.030389024,0.029030208,0.030703144,0.02692309,0.035851993,0.032796197,0.027451776,0.033532813,0.043761373,0.031494446,0.029311785,0.029980324,0.026243264,0.032615595,0.027781768,0.03604326,0.026058184,0.031053497,0.027988996,0.035214745,0.03498563,0.034204736,0.030259449,0.026906908,0.03209573,0.03237912,0.0357952,0.033955194,0.03250009,0.022959504,0.025712714
LBX1,0.021901269,0.016021086,0.02502135,0.029947776,0.03140306,0.03480516,0.03715814,0.03199186,0.01807746,0.034404643,0.0318432,0.049880467,0.031507462,0.033006035,0.020757582,0.043930568,0.02997529,0.03323037,0.042208813,0.03178709,0.032494057,0.032629747,0.027480612,0.027859345,0.021724856,0.034634296,0.029071515,0.029163493,0.036239065,0.03455487,0.040593103,0.024696348
LHX2,0.029719269,0.031040542,0.024970533,0.033444006,0.03951282,0.031645272,0.022350812,0.027918592,0.067817084,0.037145086,0.023655122,0.026852952,0.030337166,0.027284633,0.028770471,0.028981904,0.022854488,0.028268412,0.057935327,0.027789354,0.031915274,0.028222568,0.025852958,0.025896229,0.036150366,0.029716201,0.028096402,0.028653702,0.032335553,0.02732675,0.028268375,0.029271841
LHX4,0.0136139,0.031464316,0.03809064,0.01882739,0.028583067,0.035527665,0.03601572,0.03506687,0.031180095,0.033210423,0.023883352,0.040365115,0.031216236,0.023307476,0.035742912,0.0505296,0.025586512,0.039305005,0.032002013,0.030629901,0.026833396,0.022587217,0.033152856,0.034540616,0.028636655,0.020064788,0.037915595,0.034033377,0.033563577,0.03436808,0.033386733,0.026768941
LHX6,0.0065065767,0.021758912,0.044935964,0.017310565,0.01354031,0.12719075,0.025996914,0.019089231,0.036377262,0.019862846,0.128482,0.0153327705,0.023925645,0.014028713,0.10175761,0.013946447,0.014310246,0.020211723,0.020135015,0.014704939,0.015130649,0.0136974715,0.014057045,0.013801831,0.012706495,0.14321859,0.012158714,0.016502855,0.017564647,0.012391542,0.013760803,0.0156049
LHX9,0.050356552,0.07226262,0.021353591,0.007596964,0.010497886,0.012265733,0.19965696,0.067112885,0.014334345,0.008557787,0.012265885,0.011906646,0.013087164,0.011533358,0.014208226,0.12963852,0.12851335,0.01446862,0.020688219,0.011302518,0.012345403,0.014218504,0.013162524,0.01126035,0.01857101,0.0045807306,0.017937599,0.010546491,0.0144511135,0.012130792,0.0145587325,0.024628894
LYL1,0.03281163,0.013656176,0.029526927,0.013025209,0.03379529,0.023391979,0.05700531,0.030762136,0.023982063,0.027765943,0.055669565,0.023071157,0.044086356,0.027538635,0.048422012,0.02510332,0.03183811,0.029675879,0.027240496,0.02929736,0.024253897,0.035810232,0.019343235,0.026338084,0.029076986,0.026240446,0.06425065,0.02803704,0.03807142,0.026659708,0.027276209,0.02697656
MBD4,0.06967071,0.06147278,0.10635804,0.020460406,0.03300835,0.013953596,0.017118203,0.19848637,0.017988978,0.01853648,0.036278468,0.014560548,0.021656053,0.013266246,0.020333532,0.057363417,0.017554129,0.020924652,0.008878179,0.017569445,0.020087637,0.016358897,0.019229496,0.016111689,0.015723782,0.021820074,0.016809663,0.017111007,0.018395407,0.020083638,0.017467087,0.015363063
MECOM,0.022652853,0.01901609,0.033659328,0.033703033,0.035408545,0.032848097,0.031918917,0.026907478,0.034725666,0.02994485,0.031265307,0.02275292,0.03352186,0.029971736,0.02970884,0.026602682,0.031697545,0.038508143,0.033518597,0.029878803,0.035993602,0.04192881,0.03597133,0.032381974,0.036629803,0.025397912,0.03311702,0.028233798,0.028850304,0.035230488,0.02552356,0.03253012
MESP1,0.06461815,0.16682157,0.016781952,0.02926554,0.019686198,0.015613963,0.23936933,0.019179627,0.015213874,0.016684331,0.018004632,0.017728297,0.003452038,0.012666137,0.02018111,0.02075908,0.012439341,0.01676908,0.03467536,0.02047906,0.030011313,0.021364508,0.012668794,0.014448128,0.018418174,0.011750035,0.014510438,0.02021428,0.025586925,0.014577992,0.019063044,0.01699781
MKX,0.010637421,0.018658176,0.023243278,0.024089007,0.025866963,0.027482672,0.029695647,0.032437947,0.027023263,0.03678817,0.033891987,0.03076707,0.033641893,0.031790078,0.039006732,0.041741576,0.03841337,0.043230534,0.029895928,0.03191148,0.032981414,0.032555107,0.03572758,0.032465614,0.03170096,0.02872881,0.032073624,0.03949015,0.032581147,0.033964686,0.030558486,0.026959255
MLXIP,0.02057142,0.0291367,0.033580247,0.028319655,0.031744767,0.03056054,0.02891756,0.028409747,0.031882416,0.031633534,0.035176467,0.032125756,0.035394978,0.028979797,0.034809344,0.029849984,0.036302723,0.03524737,0.037585825,0.03412946,0.036973797,0.030124418,0.02529181,0.027578704,0.028089397,0.029763412,0.032710973,0.028490137,0.031401422,0.037300896,0.030067677,0.027849097
MMP3,0.00036347183,0.00022297005,0.0004898526,0.0003715048,0.00016673125,0.18652326,0.00021023577,0.031614803,0.0001812309,0.00019558932,0.00019707241,0.00014278477,0.00010596153,0.0001214837,0.036209,0.00051610207,0.00029675337,0.018210175,0.00051485567,0.00018103779,0.00017744713,0.00017854797,0.00017799655,0.055397768,0.00018625551,0.00021137572,0.00027544485,0.32614535,0.00023318414,0.33922803,0.0005722539,0.00038145325
MNX1,0.007928394,0.012564764,0.019096425,0.020675758,0.032200027,0.028679717,0.03973984,0.027971506,0.022354651,0.032023937,0.030558677,0.038631912,0.04217531,0.031015076,0.030528117,0.031314775,0.029261855,0.03775188,0.032270312,0.030424438,0.038540397,0.040566903,0.035663746,0.03297432,0.028705643,0.026116066,0.031239945,0.03949251,0.037714396,0.045068003,0.03278402,0.0339666
MXI1,0.014106073,0.021588087,0.03600981,0.03613076,0.035627674,0.028423473,0.027835181,0.03269592,0.032514345,0.0295366,0.032854088,0.0331409,0.028320393,0.04214061,0.033025157,0.026786404,0.027993333,0.027590776,0.03275559,0.029109327,0.03732252,0.030632356,0.0279891,0.04776454,0.037984356,0.029220106,0.025592888,0.025963554,0.041897368,0.029317824,0.024254067,0.033876818
MYBL1,0.013418014,0.021628017,0.029361853,0.031441875,0.03120186,0.030419845,0.02842887,0.032032087,0.032589134,0.02987064,0.030513238,0.027853426,0.028337782,0.04285499,0.034259487,0.04032494,0.03220152,0.03320499,0.032964904,0.028596083,0.033099063,0.03310158,0.029118605,0.032213494,0.033050522,0.033580184,0.031395968,0.029735597,0.034084477,0.03434933,0.029459579,0.035308044
MYC,0.027347375,0.026854044,0.052039407,0.039351854,0.039134875,0.041369315,0.014293592,0.027023867,0.029394386,0.03487629,0.03409253,0.027997494,0.033681765,0.041151565,0.032138128,0.018229352,0.018807115,0.016218074,0.06339655,0.027373172,0.03714839,0.022698885,0.018559761,0.03667859,0.037182026,0.031835835,0.034028918,0.026199114,0.03071456,0.016571164,0.034389067,0.029222911
MYCN,0.011874426,0.017175084,0.035050508,0.03267201,0.04053723,0.0374428,0.022831628,0.02815506,0.03219306,0.025762172,0.029292203,0.025892634,0.030997759,0.05010297,0.02696825,0.027250709,0.031006154,0.02672887,0.03570942,0.028494222,0.041380383,0.0345525,0.028027134,0.04132759,0.03843016,0.029510004,0.02968962,0.028745467,0.037775345,0.028686132,0.027967997,0.037770536
MYOD1,0.022191782,0.03382718,0.036600366,0.029434364,0.030575776,0.023869656,0.02584461,0.025070613,0.023962393,0.028349785,0.04045783,0.024940515,0.02595582,0.047643125,0.029953789,0.03031248,0.024309386,0.04337294,0.026765777,0.022572093,0.024845555,0.02429032,0.026979519,0.026222358,0.028265331,0.038967762,0.04347,0.028115427,0.03938597,0.025810208,0.04217706,0.05546027
MYRF,0.026843498,0.025442041,0.03732159,0.020971518,0.018926112,0.05079186,0.024511022,0.0778559,0.033895735,0.03301529,0.01911438,0.048387744,0.016919915,0.065343,0.022153914,0.046782788,0.028544366,0.024432797,0.019911077,0.016436294,0.045699373,0.017989742,0.03351536,0.032637633,0.01947205,0.01904544,0.028128855,0.045054454,0.022511134,0.024980884,0.02496198,0.02840225
NCOA3,0.087935105,0.012377554,0.0072755553,0.015210231,0.0374087,0.024134474,0.030301122,0.01773501,0.0108437855,0.03483291,0.03720428,0.06612395,0.020176712,0.017598161,0.024155432,0.018669015,0.04576995,0.022789503,0.022459116,0.01328492,0.0248083,0.027175227,0.06700153,0.01606827,0.023924867,0.030510932,0.012993371,0.030897731,0.025527889,0.024113033,0.023905516,0.12678789
NEUROD1,0.029372865,0.023378825,0.028092612,0.03457403,0.03252535,0.028404793,0.045651134,0.025501816,0.029358793,0.023225978,0.029066833,0.025370793,0.047543757,0.040641796,0.023769045,0.026719265,0.0262094,0.03454883,0.027475333,0.023710787,0.03999023,0.031929128,0.024437403,0.034822598,0.031697623,0.02456388,0.027071076,0.023164628,0.056506023,0.049422964,0.025264012,0.025988378
NEUROD2,0.009731851,0.026723938,0.03091612,0.03312203,0.035904866,0.057125986,0.029466141,0.031597745,0.021793975,0.03666332,0.021589514,0.024600072,0.029637355,0.052855983,0.035813555,0.03400711,0.03379801,0.03946306,0.038553197,0.028804151,0.02629833,0.031728007,0.026690252,0.040142946,0.028122872,0.032064844,0.03236941,0.06355706,0.044981338,0.0,0.0,0.021876942
NFATC1,0.02335441,0.05536418,0.0431232,0.06866904,0.019368611,0.015826546,0.056548785,0.03681805,0.12894982,0.0133445095,0.012040883,0.033836134,0.014692843,0.038575403,0.016569933,0.01495316,0.03183763,0.008307966,0.009349147,0.01953852,0.016946685,0.13908902,0.016710496,0.010640382,0.015321068,0.015639408,0.02256265,0.013726631,0.028499119,0.013776834,0.03394809,0.012070771
NFE2,0.032740973,0.02446483,0.03937089,0.026163777,0.022958709,0.027122488,0.040778372,0.02321944,0.02718928,0.024451068,0.03256784,0.045644693,0.02390029,0.034481715,0.03210698,0.03479973,0.024807902,0.03413556,0.037741028,0.018793583,0.0229262,0.028123464,0.03105312,0.045402538,0.030927423,0.051878765,0.02589654,0.03125902,0.029114254,0.03843712,0.025548639,0.031993683
NFE2L2,0.019590229,0.018960854,0.0073109097,0.005792849,0.031105774,0.00835877,0.037399955,0.11565562,0.12149764,0.048865013,0.0055773715,0.0049016327,0.062541634,0.0111983735,0.06327706,0.0075973314,0.0125753665,0.012478917,0.009914413,0.08441106,0.0064025973,0.0025668365,0.07274308,0.09982803,0.0050113513,0.0527056,0.019069009,0.009015796,0.0061836834,0.027191032,0.004197277,0.0060749147
NFKBIA,0.10767744,0.0077136047,0.007784483,0.008922004,0.028447842,0.18586895,0.008641809,0.008252523,0.007990389,0.0071683233,0.415047,0.009211293,0.008281123,0.008783803,0.006950908,0.0101726195,0.0035569645,0.041809525,0.007778738,0.008732955,0.008290771,0.00867051,0.003926272,0.010332407,0.009437969,0.009025546,0.0093433065,0.007938513,0.009416178,0.008417594,0.007902795,0.008505786
NHP2,0.08845191,0.0380201,0.033867203,0.105203524,0.011583256,0.11465214,0.013361438,0.0064362534,0.08848066,0.012699045,0.010979894,0.028070508,0.038015597,0.011137828,0.0096641015,0.013535658,0.013537366,0.11012219,0.011762865,0.01244064,0.01162793,0.0144779235,0.01262183,0.011693774,0.009013145,0.011581144,0.008961084,0.09161305,0.015163758,0.012808958,0.012387164,0.016028015
NKX1-2,0.028983254,0.030345758,0.024456423,0.031017575,0.03275078,0.029472757,0.04241839,0.031135261,0.03421204,0.030494839,0.03128455,0.03130012,0.032498825,0.042666137,0.035140943,0.023273982,0.027059775,0.03247511,0.03182786,0.02915744,0.03158361,0.030854378,0.029512541,0.030121032,0.028150382,0.031747434,0.0250061,0.03231453,0.034237567,0.032393582,0.030847214,0.031259876
NKX3-1,0.009041443,0.02866068,0.03214179,0.022302117,0.026107086,0.026498213,0.027690826,0.024217905,0.028016742,0.030305026,0.038960807,0.02461975,0.032112293,0.06657555,0.036336016,0.031146735,0.025455473,0.052076526,0.03374138,0.024933219,0.03628897,0.029427286,0.0299942,0.034215026,0.029365372,0.028590947,0.037278067,0.027177403,0.032038577,0.029005004,0.029636042,0.03604346
NKX3-2,0.01988308,0.031768408,0.035980485,0.03405537,0.036051758,0.032803334,0.030775184,0.036831573,0.033045568,0.027385391,0.028911224,0.025732279,0.03457724,0.036724426,0.028096631,0.031999297,0.03622582,0.029815318,0.027559927,0.029318227,0.036394376,0.035784926,0.029848179,0.033042498,0.03161549,0.029401831,0.03229182,0.027324218,0.030124143,0.027881153,0.023973119,0.03477774
NKX6-2,0.029654447,0.020854851,0.025312541,0.026673447,0.039104894,0.039552964,0.039547235,0.036397118,0.03305807,0.03408508,0.017742198,0.030158862,0.04477202,0.023638537,0.033316802,0.025408076,0.03238433,0.03956382,0.03145922,0.034495857,0.031348687,0.034489285,0.035239313,0.030842753,0.020726245,0.02372123,0.034052573,0.033648398,0.03621479,0.025562204,0.032878723,0.024095457
NME2,0.10483594,0.0027460179,0.002763686,0.0022625723,0.0,0.0028378097,0.0029730038,0.0029093628,0.0021816199,0.17517073,0.0025134676,0.0029883462,0.10340536,0.18280648,0.0032482177,0.0027688926,0.002308496,0.002977866,0.020977529,0.0021301059,0.0028218522,0.0032217668,0.002830305,0.002525211,0.34246638,0.0032997923,0.0027940024,0.002882088,0.0031588895,0.0033713377,0.0030327728,0.0027901668
NOTO,0.014588907,0.03174096,0.0411284,0.030878775,0.03587,0.032770153,0.03385514,0.02596013,0.027995482,0.019131856,0.0392397,0.03578667,0.03569564,0.033465687,0.0303906,0.031472594,0.03129774,0.034982372,0.029823583,0.017817896,0.025050903,0.03499467,0.030427417,0.03250307,0.031354386,0.027281635,0.02875259,0.03006011,0.037164047,0.044415224,0.02404137,0.04006231
NR2F2,0.020395985,0.023095995,0.034071162,0.03549026,0.03447173,0.02998485,0.03795627,0.03260593,0.029579388,0.025634406,0.035310183,0.02583008,0.03438071,0.04438229,0.028231502,0.040879443,0.027710043,0.03721313,0.029133001,0.029600766,0.034883603,0.0278704,0.024508335,0.020895705,0.028282586,0.03165055,0.029951379,0.025982354,0.044395678,0.032606713,0.02922368,0.033791885
NR4A1,0.018494284,0.032985557,0.0322323,0.026942357,0.02811026,0.033469252,0.03176642,0.029826762,0.03272075,0.030566469,0.031157525,0.02952683,0.03450499,0.033010717,0.02748845,0.030349296,0.040744614,0.030473538,0.03651435,0.030367795,0.035909086,0.024400614,0.032536577,0.030472107,0.033952817,0.023737662,0.03034485,0.03587861,0.038593408,0.03406558,0.030163597,0.028692592
NR4A3,0.09221483,0.00600745,0.19618139,0.0051661427,0.12956727,0.018275494,0.006949992,0.005723306,0.010786269,0.005594968,0.00802926,0.052628666,0.006979207,0.013518031,0.005747331,0.008268467,0.01304479,0.021733478,0.0324116,0.006080785,0.0062763444,0.006697353,0.009774396,0.007273703,0.008894703,0.005576403,0.005274494,0.023167351,0.04772973,0.042741165,0.1842735,0.007412168
NSD2,0.035129484,0.040097263,0.016193952,0.023619395,0.0186313,0.097913854,0.015777912,0.08078824,0.06750892,0.02074,0.05838389,0.020773932,0.06011747,0.02102221,0.026105689,0.020836044,0.011610809,0.019029707,0.014586656,0.017556751,0.01820742,0.016671129,0.0068840277,0.02222305,0.022475887,0.012794285,0.018205276,0.017476577,0.011971701,0.12090456,0.018096536,0.027666116
ONECUT3,0.026563652,0.025867332,0.034576055,0.025467113,0.023657003,0.02639036,0.046628926,0.029376466,0.023705725,0.023022842,0.04634077,0.03463803,0.050133556,0.041981198,0.029236872,0.026295818,0.035735577,0.03362684,0.02740849,0.029056152,0.025877122,0.023426391,0.034332775,0.031829316,0.028846247,0.026491044,0.03606286,0.024779048,0.039656676,0.023583565,0.03672785,0.02867835
OSR1,0.030911844,0.03262663,0.04006465,0.0,0.06421096,0.039137136,0.05875998,0.02881994,0.033487115,0.013824416,0.039696544,0.022095071,0.03490989,0.030617619,0.022840101,0.02580917,0.032208093,0.026117926,0.017162511,0.033031713,0.042641997,0.034691896,0.03530147,0.017942272,0.038775794,0.025506286,0.0,0.044346575,0.035528462,0.016222611,0.034103777,0.048607547
OSR2,0.03169937,0.018763527,0.018638112,0.042935982,0.02850995,0.017012216,0.049099874,0.05367374,0.05806606,0.01642489,0.015440315,0.064861305,0.008514532,0.017716188,0.017541006,0.03308474,0.028871084,0.016355012,0.013196041,0.013842834,0.016145911,0.0156095745,0.022145342,0.026218493,0.1518213,0.054490842,0.014967312,0.017458763,0.02333493,0.03207683,0.04750057,0.013983352
OVOL1,0.02552543,0.030446861,0.03863473,0.03492891,0.029911429,0.02759355,0.02928151,0.029107869,0.036325164,0.036345966,0.0316666,0.030346965,0.03015455,0.03584019,0.026230693,0.028732598,0.033295404,0.027875302,0.027705166,0.02198591,0.040573362,0.034094702,0.04201109,0.028097594,0.034028865,0.02320464,0.027975852,0.031871255,0.01829087,0.03526837,0.031055894,0.04159276
OVOL2,0.019112064,0.033298627,0.0376685,0.037256543,0.033574358,0.014257762,0.032965496,0.023533382,0.029466836,0.037124235,0.032382485,0.030841578,0.031342138,0.028375842,0.024691321,0.03983041,0.0308942,0.02987491,0.021729613,0.022935878,0.037317622,0.03692342,0.028170822,0.036501415,0.03453831,0.032199666,0.02747454,0.03434469,0.04458222,0.023669122,0.029307025,0.04381501
PARP1,0.10720801,0.019038288,0.036456577,0.19749318,0.0121813705,0.025933048,0.17921057,0.082440756,0.006614004,0.009531795,0.011708834,0.007833411,0.010735413,0.00773041,0.009109863,0.0072044535,0.009387199,0.010904937,0.008211157,0.0066234097,0.008381531,0.010319288,0.008713165,0.0057853595,0.008693985,0.10853805,0.008331634,0.033144083,0.0088699125,0.011406639,0.01369292,0.00856672
PAX2,0.082170725,0.024206284,0.040071737,0.028738577,0.028555458,0.054776296,0.02893403,0.049036853,0.021967227,0.021877319,0.026332527,0.044615414,0.034473374,0.031409875,0.039952967,0.026389083,0.023247141,0.034027748,0.027597994,0.015112085,0.03288504,0.014748087,0.03719772,0.026301263,0.021899626,0.039059993,0.025414973,0.017362261,0.036498558,0.019723607,0.023904186,0.021511983
PAX3,0.029894855,0.039683875,0.031436022,0.025431655,0.036012374,0.02580607,0.032031685,0.030545555,0.025941102,0.027850235,0.024904575,0.03894574,0.04977655,0.028727265,0.028476948,0.03249508,0.028536329,0.030260118,0.019472407,0.023657547,0.022888185,0.027593015,0.029017767,0.064479165,0.021488694,0.021831686,0.023062946,0.028530156,0.02981692,0.026135143,0.028265227,0.06700508
PAX5,0.037589163,0.01521069,0.040377565,0.024687499,0.03403726,0.04253909,0.03172773,0.034343798,0.032038573,0.031201394,0.024683505,0.03993998,0.026579294,0.030593337,0.055298723,0.029625716,0.031319845,0.034594186,0.022926776,0.02719342,0.028398452,0.032854907,0.029935243,0.031525202,0.029338026,0.024569105,0.041168556,0.019924682,0.0405818,0.024147978,0.023615612,0.027432889
PDX1,0.017768633,0.02868762,0.028111488,0.020738732,0.01401893,0.064224154,0.10893097,0.026958728,0.042856246,0.02004291,0.06832953,0.028232541,0.024925414,0.02608043,0.028779354,0.037998155,0.019811222,0.011676538,0.0,0.05650992,0.021151125,0.025719628,0.01701403,0.02701809,0.018804979,0.031454857,0.09534929,0.01707043,0.01731445,0.020243261,0.01710177,0.017076584
PHOX2A,0.038011666,0.031369474,0.02650758,0.0,0.027453003,0.027076533,0.04118837,0.03791894,0.036141198,0.039287116,0.02953202,0.03580511,0.036508944,0.036559403,0.02821141,0.025911322,0.031833354,0.031730857,0.023068065,0.049737733,0.04218772,0.017561767,0.011358382,0.025163261,0.03973615,0.019157425,0.047051266,0.046512194,0.029458653,0.036285628,0.018960722,0.03271478
PITX1,0.013919588,0.18324833,0.020587673,0.021840617,0.018211145,0.029756872,0.024264473,0.11197016,0.020288065,0.0272175,0.023385867,0.01985198,0.013116386,0.020832418,0.028988069,0.015568664,0.026066948,0.024438024,0.040699273,0.039596844,0.059855025,0.019992419,0.023742532,0.014634031,0.028677355,0.014353113,0.018831765,0.015564743,0.02327815,0.018875968,0.017143937,0.02120208
PLAG1,0.04524506,0.052101582,0.030871281,0.011094139,0.089238815,0.019600967,0.10986145,0.014892108,0.058279127,0.014906198,0.014481508,0.013909882,0.024244074,0.029084172,0.016134847,0.028432826,0.015027277,0.017650232,0.015229444,0.0814336,0.07089957,0.015699387,0.017452808,0.025122987,0.013977981,0.050856896,0.015558066,0.017998703,0.022122301,0.015967174,0.016178304,0.016447276
PLAGL1,0.0075235013,0.0016215426,0.012257576,0.11221533,0.009875134,0.045707136,0.009492449,0.15272695,0.009049906,0.0025754683,0.005409297,0.0047771013,0.004706292,0.0029194395,0.0024275575,0.020512851,0.002405448,0.022343198,0.13215083,0.0,0.0551354,0.0045805536,0.012644481,0.004887791,0.004477886,0.0026376396,0.0022984855,0.22273542,0.008489158,0.06748912,0.0063700336,0.047557063
POU4F2,0.06876562,0.032218516,0.021560369,0.017975846,0.024598984,0.07077725,0.031897593,0.03080382,0.026463158,0.025213618,0.03599027,0.020523623,0.021839442,0.03138895,0.036099166,0.0175548,0.019703291,0.024450788,0.026908854,0.021813393,0.016516864,0.07087043,0.021380205,0.08660084,0.020501297,0.018533532,0.027393905,0.026415007,0.019285139,0.025172457,0.03507724,0.02570572
PPARGC1A,0.025468668,0.029272545,0.029155362,0.026033852,0.0344084,0.027916372,0.03225335,0.02608733,0.05752965,0.030728152,0.025682233,0.029159026,0.021469004,0.04104604,0.037833974,0.02152854,0.028409978,0.022696551,0.033693995,0.048989866,0.024403151,0.039247576,0.01921698,0.030032508,0.027267257,0.028638842,0.038228374,0.027688626,0.03728667,0.026561528,0.03890294,0.033162665
PRDM1,0.012591975,0.01832092,0.03049654,0.023609316,0.03108813,0.03163229,0.028024537,0.028244752,0.03413186,0.032584157,0.028607065,0.0309678,0.0311866,0.03559663,0.03593581,0.034611117,0.03805526,0.03791289,0.03548015,0.027527861,0.034441777,0.03675833,0.033212073,0.029999608,0.034961205,0.033201717,0.02996106,0.034402333,0.033721566,0.03053293,0.031434048,0.030767655
PRDM16,0.035365064,0.029708426,0.04103528,0.018997665,0.02454173,0.027987653,0.03383708,0.040390644,0.039321646,0.024312073,0.026916359,0.043609012,0.03416428,0.03197862,0.029418344,0.022703119,0.055882864,0.03212297,0.012711307,0.031470124,0.02482595,0.05640915,0.030592466,0.030967174,0.026569359,0.022983471,0.030802455,0.026718546,0.028304318,0.017549014,0.030780088,0.037023734
PROX1,0.022880726,0.027046194,0.03631801,0.019844543,0.025312988,0.023537096,0.047088996,0.01937016,0.030627426,0.051014032,0.036228355,0.017627288,0.018192727,0.02875619,0.054199483,0.047198128,0.03361761,0.026579607,0.006808701,0.036638945,0.017060196,0.032956056,0.033050578,0.026681669,0.046005074,0.029787892,0.042052243,0.022935204,0.05075935,0.02641466,0.030570537,0.03283939
PRRX2,0.00889815,0.014585269,0.05343567,0.030134507,0.044503972,0.0682444,0.05968612,0.015076756,0.016050538,0.01460709,0.020963348,0.017754333,0.046236027,0.16680865,0.10748037,0.037041582,0.013432697,0.017111769,0.03702462,0.014867117,0.016564123,0.0120293135,0.013361458,0.016097339,0.017869325,0.026770135,0.01772332,0.012159372,0.015308635,0.015725007,0.019485835,0.01296314
PSAP,0.011077724,0.011724296,0.61575586,0.004536471,0.0035687282,0.005893387,0.05811239,0.013401918,0.01349412,0.011449241,0.012382086,0.01437387,0.012693441,0.008128445,0.0060913116,0.010138403,0.013728856,0.010907783,0.011324558,0.014203829,0.0060468204,0.014502973,0.012084342,0.013112525,0.013592103,0.013956901,0.012242919,0.010286424,0.014860307,0.0037385114,0.01214251,0.010447015
PTF1A,0.025598591,0.029099284,0.035426762,0.030742373,0.029427039,0.04268209,0.036467176,0.027618114,0.028924573,0.02703182,0.030230757,0.029062,0.029286727,0.041555237,0.027149389,0.035593778,0.027934887,0.02873248,0.040200196,0.035036743,0.037803825,0.03479109,0.012993805,0.029820872,0.038665053,0.03040344,0.02599534,0.026313348,0.029154992,0.03241685,0.026853235,0.036988128
RBMS1,0.025652071,0.030306477,0.028345618,0.03614435,0.03187752,0.033371545,0.04765727,0.03447602,0.026552318,0.028502079,0.030530198,0.025534024,0.03892047,0.031662095,0.030187907,0.03283909,0.03237078,0.031645093,0.029995829,0.018983854,0.030191485,0.029359737,0.03272475,0.028358698,0.028482584,0.029429883,0.028230479,0.031673484,0.04463042,0.032184046,0.029551461,0.029628363
RBPJ,0.028635252,0.033179987,0.024078589,0.029738452,0.03372736,0.025635535,0.033431653,0.02521157,0.025074748,0.03896175,0.03462293,0.02972484,0.031014785,0.029053804,0.027711904,0.031844884,0.029672889,0.03712241,0.028426768,0.021339312,0.035044372,0.031104814,0.03127907,0.03939417,0.031799696,0.032860722,0.035944365,0.02992162,0.036907617,0.036682162,0.029889751,0.03096221
RERE,0.031554095,0.034993574,0.030903708,0.027110802,0.025373766,0.030284531,0.034052804,0.03587679,0.033572156,0.03651979,0.022720061,0.029664,0.031179471,0.033070732,0.029067995,0.030650739,0.03019476,0.034738384,0.031469874,0.035388667,0.031214599,0.03151483,0.034990337,0.030918414,0.03416988,0.024612496,0.027280293,0.027450599,0.034976635,0.026752641,0.03256686,0.035165794
REXO1,0.031642903,0.034184635,0.030877963,0.032394152,0.03101354,0.03144819,0.029090028,0.032063674,0.03327046,0.030606827,0.028367275,0.029393787,0.031061783,0.026952736,0.03105351,0.032774474,0.038171887,0.034845263,0.03679422,0.026476022,0.025272608,0.03230157,0.036799684,0.03165338,0.019254683,0.026621774,0.03128265,0.030437948,0.03091818,0.034086872,0.034111902,0.03477533
RREB1,0.029127086,0.018500902,0.026352188,0.031310923,0.031175815,0.03075038,0.037435386,0.027618168,0.028356828,0.038446914,0.03481111,0.02362563,0.048659693,0.032272108,0.024019588,0.03082265,0.0275718,0.033937234,0.031155132,0.038052566,0.038789093,0.030928362,0.026010875,0.031104615,0.031277698,0.038345717,0.028571079,0.030003197,0.02924848,0.027624475,0.02788619,0.036208134
RUNX1,0.029159572,0.019883038,0.044064082,0.032804538,0.029829562,0.034649264,0.03278025,0.0371652,0.026215486,0.028972978,0.033526488,0.033751313,0.028035393,0.031696286,0.028445069,0.036953393,0.029311413,0.0432771,0.027388839,0.028258907,0.030759074,0.030195909,0.032129385,0.029477099,0.031379364,0.027365215,0.034401383,0.027925197,0.035293426,0.02781716,0.028425401,0.028663272
RUNX2,0.03092247,0.029795323,0.030012118,0.031984244,0.026783304,0.031927485,0.030717244,0.031326775,0.024928752,0.032379597,0.02740673,0.03237535,0.032449197,0.025538065,0.029463219,0.0325707,0.029484728,0.03196971,0.03641347,0.034865372,0.036509007,0.032631014,0.033969443,0.032271057,0.035065044,0.02902769,0.031817116,0.030839415,0.032731682,0.032638196,0.03105824,0.028128233
SALL1,0.024689691,0.024841271,0.01787393,0.02708939,0.034430545,0.031777523,0.035514507,0.026820304,0.0336713,0.027290123,0.032115344,0.03558101,0.028916249,0.03152449,0.027883885,0.03089304,0.033138815,0.03133596,0.03771927,0.033475775,0.036026582,0.030823719,0.027995653,0.03313868,0.030621547,0.029318785,0.032383665,0.04355885,0.032080088,0.031857226,0.032861304,0.032751545
SALL3,0.008552522,0.022567986,0.016161846,0.02505201,0.025716998,0.027345492,0.035752423,0.026094638,0.028338706,0.02100485,0.04389807,0.0328289,0.034207556,0.030543527,0.050841354,0.02861947,0.038464963,0.042876802,0.01922029,0.035532784,0.02184539,0.019225962,0.030315133,0.027332736,0.025929613,0.027853655,0.031934764,0.03699878,0.03327266,0.04995177,0.027472878,0.07424544
SATB2,0.025452547,0.02665488,0.046045147,0.021750238,0.028070087,0.032645438,0.03137938,0.03623159,0.027083458,0.027400061,0.023560327,0.032858714,0.03904511,0.03433791,0.03906804,0.03251108,0.02676899,0.03308102,0.033996973,0.03881529,0.023509776,0.028979467,0.02893611,0.02261333,0.031595696,0.021637205,0.034564212,0.03642972,0.030358974,0.03059858,0.042784534,0.031236067
SIX4,0.041266065,0.02903938,0.031110397,0.028928367,0.03263893,0.030471863,0.030180179,0.03019518,0.029535418,0.030409275,0.029715786,0.028592998,0.033780683,0.033047926,0.029649736,0.030210339,0.03436843,0.031900253,0.02872273,0.029777188,0.030477962,0.028025487,0.033894677,0.031418443,0.031403664,0.03010512,0.028604649,0.030119302,0.035553433,0.032103185,0.030764693,0.033988245
SMAD1,0.025450097,0.023614695,0.046094,0.027678626,0.029589614,0.02753544,0.03309764,0.029138306,0.029583316,0.03212184,0.026080456,0.032275323,0.033859394,0.030574843,0.033397656,0.03326196,0.033056214,0.032800984,0.027894879,0.035687137,0.034669034,0.033399697,0.0335003,0.030062146,0.032020777,0.027267983,0.02470378,0.034307763,0.03846903,0.034905843,0.02286074,0.03104045
SMAD5,0.021337405,0.030725768,0.04047825,0.027926788,0.035260797,0.02932587,0.030297793,0.031907912,0.035297062,0.02830199,0.027376693,0.04446208,0.028490007,0.032074284,0.032795995,0.029483046,0.028021475,0.03256873,0.029590877,0.029837653,0.031399094,0.0400848,0.025416395,0.034507927,0.034626696,0.025850775,0.026995435,0.024794856,0.035628602,0.026527844,0.032874156,0.035732936
SMAD6,0.035054177,0.027439836,0.03898544,0.02718523,0.0365884,0.023315173,0.032515395,0.023642747,0.02658833,0.020221649,0.02685791,0.021477712,0.025254587,0.048484817,0.044440255,0.025087936,0.02896045,0.017273124,0.040582146,0.022426058,0.095120646,0.029033363,0.014297259,0.03242017,0.07398541,0.021304129,0.025440654,0.0213836,0.023552986,0.020140609,0.023266463,0.02767329
SMARCA1,0.06803091,0.13256812,0.042811755,0.068548396,0.027101934,0.05123158,0.029027019,0.1072913,0.010537012,0.0921414,0.010534514,0.011889575,0.009124238,0.010027476,0.008008179,0.009170739,0.012046331,0.018012015,0.05552617,0.008849868,0.093860045,0.008854131,0.0072971885,0.0061496333,0.009726948,0.007451172,0.0075818067,0.008365622,0.010253219,0.010140314,0.03923149,0.008609845
SMARCA2,0.11539949,0.039221454,0.0074447,0.009545133,0.06190097,0.076590106,0.0045621363,0.17326203,0.007083823,0.0056714145,0.009940869,0.09639134,0.0063929125,0.0068298727,0.012204949,0.008154089,0.008323885,0.0077546653,0.0069875643,0.0068027503,0.009797891,0.0069767935,0.0058851168,0.00992472,0.056572814,0.007255914,0.006713155,0.023398632,0.0074931565,0.020035606,0.007288208,0.16819383
SNAI1,0.03394154,0.020239672,0.033379693,0.018063743,0.039309885,0.034331616,0.044318743,0.020021833,0.028049149,0.031015687,0.030638779,0.026936423,0.03314371,0.032359987,0.029561605,0.031228986,0.03750958,0.0368872,0.03534098,0.025199901,0.019520866,0.024365656,0.036062717,0.027413722,0.016136726,0.035261627,0.02487762,0.049586486,0.043796282,0.022197306,0.027725609,0.051576648
SOX8,0.017347718,0.017469674,0.022303632,0.026943468,0.038262375,0.027456455,0.030564046,0.03243173,0.02823537,0.038132098,0.02848315,0.030436656,0.030449942,0.031819124,0.03330942,0.034695044,0.033562914,0.036382917,0.03222021,0.028554074,0.0308632,0.038062014,0.03698344,0.027081266,0.029298944,0.030146506,0.033037134,0.04193332,0.033729646,0.030948395,0.03232002,0.03653608
SOX9,0.028973117,0.020037347,0.022219548,0.029900113,0.02190275,0.037969228,0.030034289,0.02720155,0.096075036,0.020109104,0.02052769,0.02446418,0.032305665,0.030650388,0.022494607,0.03411443,0.021559823,0.030521331,0.027719514,0.021386592,0.072354384,0.030460069,0.029267834,0.025144719,0.02342789,0.028967287,0.02625539,0.03348728,0.037611417,0.028247852,0.023524283,0.041085288
SOX11,0.0191698,0.030185873,0.042660292,0.026044808,0.028660484,0.02722671,0.021554662,0.022930525,0.025108537,0.042215753,0.023327872,0.035734657,0.029563833,0.02782519,0.027649505,0.029634073,0.040281247,0.026903616,0.02999456,0.03167761,0.041660074,0.03194328,0.043445148,0.030487128,0.033723984,0.030114992,0.034149766,0.027944151,0.032459036,0.040986083,0.031783834,0.03295295
SOX12,0.03411698,0.031691995,0.03303863,0.019863,0.028464634,0.029436987,0.02437413,0.029184593,0.027152037,0.03650023,0.03669178,0.035919677,0.028869426,0.039809473,0.03548809,0.03287871,0.040961158,0.025182214,0.032866552,0.025538137,0.032669086,0.030400282,0.02433196,0.03192853,0.022001354,0.032120813,0.040227097,0.038943827,0.040130716,0.026576452,0.026833838,0.02580762
SOX13,0.016754748,0.021762101,0.031317145,0.022213075,0.032747038,0.040153336,0.026704362,0.030361505,0.029865284,0.028204035,0.040178098,0.029333046,0.042354345,0.04123889,0.034015916,0.0281195,0.03604536,0.035209812,0.029986376,0.032589395,0.025568286,0.029646985,0.035784684,0.028069736,0.031698808,0.030007608,0.036714926,0.036536317,0.02745515,0.030451884,0.03450927,0.024402991
SOX15,0.033015117,0.0272971,0.03251307,0.034109823,0.030562079,0.03015866,0.037274823,0.0277355,0.033388335,0.027984384,0.03226194,0.032062516,0.029914295,0.026763588,0.036200833,0.026899725,0.03526864,0.03113315,0.026465561,0.03864352,0.03295902,0.03561268,0.029273583,0.026062045,0.035737164,0.03148042,0.030541688,0.03099692,0.023901291,0.026736384,0.04079571,0.026250409
SOX17,0.023883661,0.027768133,0.031732608,0.034670677,0.03773215,0.033184536,0.025578529,0.02818582,0.028089473,0.025937721,0.032177623,0.030709812,0.027146043,0.03346949,0.031684984,0.024828335,0.030553455,0.03737686,0.026284102,0.032645967,0.036598,0.030742908,0.03279469,0.029324003,0.041161217,0.02664853,0.027157241,0.03758962,0.038075313,0.028420186,0.037252974,0.030595364
SOX18,0.021119455,0.02989974,0.026789295,0.034075417,0.035462327,0.042797364,0.027279103,0.02328413,0.025440047,0.03326382,0.032266457,0.040556345,0.049016714,0.021591628,0.017935645,0.03465283,0.034348223,0.03146224,0.058931615,0.02045064,0.023454629,0.037204634,0.022914354,0.013912863,0.03183883,0.035962265,0.026142417,0.046245307,0.031900715,0.019726843,0.031002361,0.039071757
SP3,0.014274375,0.026286606,0.022161,0.030018866,0.02132971,0.033028908,0.033958457,0.028413292,0.029243436,0.034943353,0.029320657,0.036862515,0.033035092,0.029230671,0.036929913,0.027611569,0.039236713,0.03204336,0.031295296,0.029937971,0.0390363,0.033660356,0.03577949,0.0310347,0.030064853,0.030377917,0.029874638,0.03561531,0.037782334,0.03295231,0.034685973,0.029974084
SRF,0.017472189,0.0419665,0.028609827,0.03407441,0.022788795,0.02726177,0.031144578,0.036063682,0.016735394,0.032069214,0.03319195,0.046041552,0.031638913,0.028295694,0.03619741,0.026039544,0.033320386,0.04266857,0.028702691,0.02212776,0.02965087,0.03214261,0.019568074,0.031696662,0.03131479,0.026455961,0.02451179,0.035539422,0.027502926,0.030971117,0.04276617,0.05146874
STAT2,0.030724693,0.02294001,0.02364235,0.029331626,0.02304592,0.028130159,0.039617464,0.018194979,0.03287279,0.021871708,0.03579864,0.03567208,0.033629857,0.036534633,0.025625195,0.04193984,0.024957739,0.04596902,0.032410234,0.022801796,0.034177687,0.028844403,0.025057323,0.03910694,0.031203305,0.029071305,0.033742893,0.032503497,0.03710289,0.045219425,0.033402897,0.024856724
SUZ12,0.030276809,0.027082935,0.040196072,0.021471592,0.023943584,0.035531953,0.029992605,0.026046462,0.030572047,0.03356615,0.027654586,0.026205443,0.03704779,0.035824854,0.027248971,0.03617704,0.062335648,0.039798014,0.028235154,0.03656909,0.041783743,0.025792673,0.030351255,0.028196625,0.024638021,0.021580536,0.024575764,0.02695096,0.038608417,0.02849727,0.026675846,0.026572054
TBX3,0.028305572,0.043227855,0.030944718,0.023769263,0.02544851,0.035402752,0.030894337,0.025287777,0.02557213,0.03790282,0.025851516,0.039395384,0.030697597,0.03510171,0.028932601,0.047352023,0.026495742,0.034796845,0.03445425,0.023044283,0.033844087,0.032113913,0.03623397,0.038384616,0.026906429,0.02953805,0.027619315,0.04100067,0.016323036,0.036646374,0.020653708,0.027858164
TBX5,0.03423763,0.09652397,0.041911863,0.025020236,0.1256532,0.025347231,0.021222565,0.049541283,0.12570962,0.018690478,0.0154346265,0.02514401,0.02632291,0.008292635,0.036052745,0.016771931,0.01612852,0.023923406,0.019066822,0.0071414527,0.029905774,0.017215602,0.01168081,0.030364422,0.0047015105,0.017424915,0.0053334534,0.018628757,0.02870364,0.039296396,0.024581896,0.014025646
TBX18,0.01593711,0.027891364,0.035835717,0.03126435,0.031158851,0.028078439,0.021686453,0.03189172,0.02966236,0.039490238,0.033145405,0.028567424,0.032512076,0.021917753,0.03115944,0.033686932,0.03314876,0.03918314,0.033149164,0.03657177,0.03470193,0.034711357,0.033071194,0.032497738,0.029191375,0.028634574,0.029978506,0.029944105,0.033973962,0.03405043,0.032104887,0.031201575
TBX20,0.027024277,0.08387947,0.021810545,0.03379083,0.018580949,0.1017938,0.0270242,0.054511126,0.010881719,0.021841876,0.019501539,0.021548327,0.02346313,0.0146175055,0.0671903,0.021356886,0.024521278,0.03914204,0.020287892,0.024518529,0.026103137,0.018310599,0.012935981,0.029113078,0.016197018,0.018648367,0.022019053,0.032736138,0.024995537,0.027583743,0.023704767,0.07036638
TBX21,0.026589513,0.02990501,0.0394946,0.04809109,0.014250111,0.034494072,0.018776817,0.03431222,0.09543117,0.029656332,0.03868581,0.026722759,0.035365663,0.007337556,0.019237489,0.015961345,0.03228282,0.023886949,0.015090234,0.048352573,0.02271604,0.027638365,0.031916328,0.022266127,0.024435006,0.013019892,0.049293574,0.022470955,0.026242675,0.072792836,0.026108684,0.027175419
TCF7L1,0.023642931,0.013805013,0.024530599,0.025297908,0.039316405,0.039938856,0.030567905,0.027174838,0.03074598,0.026872007,0.02310505,0.03163688,0.04335127,0.025762597,0.036661837,0.0265724,0.030086925,0.037765685,0.033261858,0.027487407,0.03265187,0.025368247,0.033738974,0.02289882,0.030938491,0.036058553,0.02645862,0.02456741,0.030745039,0.062481392,0.044279154,0.032229073
TEAD3,0.036552995,0.037317257,0.037878126,0.0355313,0.034411073,0.032256663,0.029714685,0.028589234,0.032451924,0.030608686,0.03516086,0.03847027,0.019239957,0.043359693,0.036999628,0.026157951,0.031878214,0.031887498,0.03232482,0.024393931,0.028582046,0.025887847,0.032239817,0.032186575,0.036894348,0.013775254,0.022499185,0.031384952,0.02770915,0.02189053,0.025500689,0.046264783
TFAP2A,0.021659069,0.03195403,0.017795552,0.051571943,0.032735344,0.021483805,0.020535259,0.027912846,0.024556892,0.02502965,0.023160744,0.016442291,0.028429441,0.027714152,0.027234267,0.02115001,0.021760097,0.037314188,0.025469568,0.021897865,0.018877132,0.015406037,0.019909004,0.037211847,0.01817636,0.019209541,0.029622229,0.030358123,0.04341223,0.106125265,0.10830608,0.027579082
TFAP2C,0.02597868,0.023994695,0.02794582,0.047604714,0.03278491,0.03245028,0.030873213,0.029880548,0.026703458,0.02586095,0.027721437,0.030605424,0.029111534,0.031068567,0.027781755,0.027934939,0.06752727,0.02953144,0.030521648,0.031575505,0.023735827,0.026673881,0.030854272,0.024409171,0.030688118,0.028143229,0.038960665,0.028531378,0.033588465,0.0396283,0.03289621,0.024433728
TFAP2E,0.018417012,0.0397917,0.026736252,0.029269224,0.030225702,0.03116527,0.044238452,0.03035288,0.043400507,0.031219862,0.025825847,0.030864617,0.02897246,0.0219452,0.026106808,0.03191906,0.025907177,0.030037785,0.02716451,0.03795094,0.05762466,0.029051647,0.025592603,0.028820721,0.025540639,0.031943228,0.023661043,0.02687247,0.03153193,0.038494974,0.026820589,0.042534247
TFCP2L1,0.029411135,0.036451764,0.028097,0.027623003,0.032515336,0.026652237,0.039513323,0.03753812,0.016700765,0.021997623,0.027888305,0.07013266,0.018059071,0.02818734,0.042307675,0.02699194,0.05413027,0.036081567,0.027433507,0.02108434,0.023922134,0.0238321,0.05018866,0.01875761,0.023775326,0.028882327,0.06124699,0.024238335,0.022109656,0.025183618,0.02421152,0.024854772
TGIF1,0.027503243,0.022795111,0.029300679,0.029292667,0.02684423,0.035835493,0.03109729,0.030669535,0.031427685,0.033243883,0.027271334,0.026056742,0.030798074,0.032397844,0.028616775,0.033649016,0.031255946,0.035822533,0.026314156,0.033177387,0.034998376,0.04067123,0.039929397,0.030532934,0.031860437,0.021675475,0.022771223,0.029896546,0.032093506,0.0372551,0.037893914,0.03705216
THRA,0.11300792,0.017720455,0.0847122,0.034236584,0.025796251,0.041878138,0.040721964,0.015778197,0.01752374,0.017520407,0.048273772,0.0338612,0.01917454,0.029678985,0.01681594,0.02143736,0.022790557,0.021239681,0.015344812,0.014995728,0.07812631,0.021411268,0.02935502,0.024693396,0.020588903,0.015926274,0.022712588,0.034520622,0.034940552,0.021992711,0.024923807,0.018300124
TLX1,0.02668734,0.027685998,0.031307537,0.015286344,0.02929406,0.043101534,0.023260288,0.03168464,0.022503823,0.034373704,0.036509827,0.028280579,0.030329024,0.036038514,0.03257454,0.032155972,0.019950641,0.04063168,0.03007006,0.035240214,0.03255515,0.03341064,0.028676122,0.028732784,0.032585915,0.016587751,0.03301938,0.04639122,0.046674088,0.037561163,0.02346687,0.033372603
TONSL,0.033347324,0.027652608,0.02762978,0.026449563,0.03329363,0.035559695,0.038718976,0.022893338,0.027657948,0.030360935,0.032851666,0.023792602,0.03153597,0.028898459,0.0323734,0.025654748,0.03366457,0.0276668,0.028679827,0.037223738,0.033464126,0.035428226,0.03513938,0.032296523,0.029697174,0.034921765,0.025565138,0.031720128,0.040476628,0.03140912,0.030094326,0.033881836
TOX,0.027425084,0.037054896,0.0267393,0.025076447,0.06398323,0.074155346,0.095163114,0.024087794,0.024238598,0.024906645,0.042476993,0.027039984,0.030429065,0.019152924,0.025218025,0.028134307,0.02383132,0.022210857,0.024713397,0.026511004,0.038512595,0.026324265,0.02810325,0.023975452,0.027372658,0.021793293,0.03063885,0.02498363,0.02637898,0.020801203,0.02008023,0.018487206
TP73,0.014065833,0.19647497,0.0071934885,0.007961382,0.05383913,0.012834844,0.009874925,0.04340106,0.012695233,0.013582481,0.02066903,0.017728088,0.027874174,0.04764667,0.012912751,0.009279239,0.012881786,0.15327792,0.01336954,0.033224486,0.062061466,0.0131206475,0.0234401,0.009316104,0.017415585,0.008547025,0.014699048,0.014221337,0.06971231,0.008333524,0.012190145,0.02615577
TRIM22,0.014371731,0.0029279662,0.021528568,0.017133227,0.54103804,0.018720724,0.0,0.0025699707,0.019864239,0.018297328,0.017481979,0.02010568,0.0,0.002744232,0.02658704,0.012137445,0.0,0.0,0.0032518501,0.018488657,0.014232964,0.0,0.024324093,0.01506912,0.026791353,0.019518731,0.0,0.074462,0.01943517,0.020313889,0.0044750655,0.024128957
TRIM24,0.026053185,0.048465587,0.032635026,0.02843937,0.040651146,0.023269951,0.036412142,0.028149666,0.029953817,0.026446039,0.04234428,0.03181863,0.031706564,0.024483103,0.03417713,0.038474534,0.02561871,0.054453604,0.029306496,0.024218986,0.03293227,0.025245598,0.026311945,0.026933225,0.027755816,0.025882922,0.01764387,0.028291427,0.027032807,0.034673788,0.02905045,0.04116789
TRIM28,0.031248065,0.008495813,0.54688483,0.008752152,0.008022321,0.015361504,0.029485734,0.011224106,0.010741956,0.013303309,0.013948104,0.015418447,0.051812194,0.011588906,0.012143614,0.0,0.013130564,0.015987402,0.010384377,0.010870914,0.01044699,0.01593694,0.0143504,0.014088163,0.013890804,0.008108909,0.011818743,0.0073374845,0.026661353,0.010107346,0.01456433,0.013884194
TSC22D1,0.011768803,0.024315039,0.01770923,0.019282324,0.022625407,0.057074327,0.13696356,0.017757637,0.016910208,0.08880706,0.019842422,0.034075454,0.021994004,0.009142926,0.018309323,0.018012786,0.017536111,0.05158278,0.017121857,0.016775291,0.018484356,0.08919564,0.016012883,0.019844523,0.06830032,0.01773554,0.017019523,0.019832522,0.021098822,0.018104669,0.03678085,0.019983808
TSHZ1,0.025518859,0.02394308,0.034584418,0.026492463,0.03311281,0.031181872,0.03772041,0.036376446,0.036877293,0.033427466,0.029430043,0.032150768,0.027437614,0.029803324,0.02198164,0.041710928,0.045253925,0.019228656,0.02989611,0.025141025,0.04182014,0.027065318,0.029129218,0.047734436,0.030832434,0.024934698,0.028638111,0.028270133,0.030389974,0.03144547,0.024952061,0.033518884
TWIST2,0.0630255,0.023766425,0.026396897,0.02486599,0.04347754,0.02963595,0.03049263,0.031556748,0.027377453,0.026329743,0.02864352,0.030270271,0.029993821,0.027078586,0.029415801,0.036084745,0.028847326,0.03066977,0.030973317,0.025206923,0.032673936,0.041505873,0.031111658,0.030300453,0.020495802,0.032141805,0.040450253,0.036108483,0.024938144,0.02767803,0.026686106,0.031800598
VENTX,0.029837826,0.03026634,0.026404908,0.017973136,0.029906593,0.028210824,0.03815897,0.033097975,0.025299065,0.02511338,0.025079256,0.039036766,0.033496767,0.035817627,0.030937811,0.04236885,0.03350153,0.03661239,0.03416279,0.029522644,0.04458211,0.023267634,0.03281836,0.02781952,0.022676347,0.040663153,0.030798411,0.030901635,0.025630327,0.03042529,0.029936595,0.03567525
YAP1,0.010128642,0.020718664,0.031703524,0.036816712,0.028557789,0.029974487,0.03573788,0.024375377,0.030105263,0.024323016,0.028030891,0.028378164,0.042320505,0.032316096,0.032045055,0.037198704,0.02582646,0.035016514,0.034720518,0.0300876,0.038386174,0.031345125,0.029460726,0.04036177,0.033439662,0.028779915,0.036996648,0.026039615,0.03979539,0.036062397,0.030411307,0.030539358
YBX1,0.08640905,0.16532883,0.16537558,0.24920721,0.0013322906,0.0009207029,0.0013243764,0.001007289,0.0011422484,0.16928975,0.0010918333,0.0042484696,0.0011332566,0.0010732317,0.01736163,0.0012732224,0.0010414097,0.0013410787,0.001325304,0.0011142322,0.0011877858,0.0014613781,0.001249567,0.11393158,0.0012617465,0.00078589964,0.0013982316,0.0012938863,0.0011926892,0.0010213358,0.001642535,0.0012323866
YBX3,0.18365897,0.0005747542,0.00041088386,0.20463769,0.033180736,0.00046979805,0.02865442,0.00040828515,0.0006477764,0.000367098,0.11761701,0.0007925658,0.07348129,0.011754489,0.000464082,0.0006233465,0.0003939999,0.0005162524,0.1319399,0.00045047444,0.053401425,0.00063675223,0.0004413646,0.0005820429,0.0006863168,0.00048949255,0.0005082649,0.0005528127,0.00034676588,0.15048456,0.00047848874,0.0003479165
YWHAZ,0.25139204,0.039599635,0.023694146,0.020536363,0.0,0.019878931,0.051923037,0.007984389,0.023035794,0.01777898,0.030511657,0.022599256,0.02997299,0.023821846,0.020184822,0.018242225,0.020330079,0.021631297,0.041186422,0.012620048,0.015791396,0.0,0.1299423,0.023178121,0.016009206,0.01381662,0.014114427,0.016873328,0.028222198,0.014577168,0.014565952,0.015985368
ZBTB7A,0.004734378,0.021068424,0.008818617,0.021004273,0.031728756,0.04444383,0.032982703,0.019099347,0.041995935,0.0451388,0.016316095,0.03960302,0.0340763,0.01695213,0.053671785,0.034151774,0.04781825,0.037438463,0.026616292,0.032419972,0.03465704,0.032188054,0.03083937,0.037522215,0.028667688,0.02924876,0.03819424,0.029482095,0.03667714,0.041528545,0.029450413,0.021465294
ZBTB10,0.024016362,0.0345708,0.030371351,0.0248542,0.032898817,0.031607162,0.03350769,0.036118243,0.032309584,0.02586596,0.035975173,0.028314447,0.034701806,0.028367074,0.031876016,0.033618167,0.021390293,0.03665081,0.031646796,0.023467211,0.036011014,0.020639004,0.032179635,0.026391322,0.027680699,0.03752211,0.036413845,0.036007065,0.039235026,0.03141349,0.03368128,0.030697443
ZBTB18,0.027958736,0.028817741,0.035910312,0.028649673,0.028275391,0.036267173,0.03651685,0.029827042,0.025611367,0.022495864,0.02647366,0.02712679,0.033329535,0.02986534,0.03476631,0.03354845,0.033875704,0.035187602,0.03162378,0.033178415,0.03259723,0.03155685,0.031029267,0.026996613,0.03040547,0.029598868,0.029332804,0.038496044,0.035953462,0.03463145,0.02990983,0.030186433
ZBTB37,0.029992903,0.024052847,0.034113906,0.03271096,0.029232979,0.03452156,0.03358359,0.035824228,0.032837737,0.027061693,0.02780521,0.031511173,0.0395599,0.0298102,0.030037023,0.02957561,0.02669085,0.028130963,0.026954122,0.0331794,0.02715896,0.04060681,0.032410305,0.031135116,0.027456064,0.030873833,0.022703595,0.036431298,0.036158193,0.036383558,0.029360777,0.032134596
ZBTB42,0.022125075,0.021335155,0.019105656,0.035542414,0.025019307,0.024635661,0.042561166,0.032147534,0.0328245,0.021390453,0.035430867,0.04134308,0.03623675,0.028547019,0.038814962,0.035999715,0.037906293,0.032445632,0.030161567,0.034439076,0.033702053,0.038014963,0.031215234,0.027507044,0.027564868,0.024564965,0.029018087,0.04041962,0.0296517,0.03616771,0.022984382,0.03117752
ZEB2,0.019947207,0.053597227,0.029038956,0.023368236,0.04436738,0.032719318,0.038234722,0.04901649,0.020308198,0.040390696,0.05310226,0.025103036,0.032766875,0.030703165,0.036825232,0.014671336,0.034882627,0.027757859,0.028336555,0.02358945,0.025723243,0.0311393,0.0277795,0.027930226,0.02720096,0.030241758,0.025166968,0.034184866,0.02642702,0.030808136,0.026027942,0.028643236
ZFP36L2,0.02942949,0.022310711,0.028649708,0.02909854,0.031390924,0.038210753,0.033753145,0.026162995,0.030648163,0.030278275,0.028957179,0.035855163,0.03704581,0.020765217,0.032425348,0.037504673,0.03114094,0.032104127,0.032470178,0.033963144,0.030660823,0.028988356,0.039318573,0.035451166,0.033139598,0.028952679,0.02672887,0.030855594,0.027460683,0.029766161,0.037030585,0.029482467
ZFPM2,0.016573174,0.015399676,0.03146313,0.028756324,0.024052532,0.036561154,0.030620003,0.039682027,0.050822366,0.026408564,0.046856936,0.027712064,0.047038436,0.033051524,0.033152957,0.03419144,0.021993605,0.034606062,0.03431536,0.027306404,0.034014326,0.027866762,0.02542413,0.038197342,0.031021396,0.031191994,0.028143417,0.025578396,0.027187053,0.034305476,0.026262749,0.030243322
ZIC2,0.027728591,0.026324786,0.028052544,0.028243992,0.026190294,0.031384904,0.030313531,0.034975573,0.02868129,0.033504963,0.03091004,0.036429897,0.040163744,0.026364978,0.020233842,0.027767748,0.030481085,0.043621115,0.039254572,0.030678203,0.03276325,0.026443532,0.034794044,0.030894214,0.02638394,0.025443057,0.0263442,0.039470598,0.031854115,0.034496356,0.04121701,0.028590025
ZNF136,0.03859148,0.032696966,0.024575034,0.030530123,0.021364631,0.026850684,0.048694614,0.03336631,0.027718758,0.03362311,0.029667707,0.03504712,0.022937909,0.030000217,0.027336301,0.024826922,0.03358111,0.040081166,0.029894823,0.032459073,0.029744096,0.02411213,0.031490628,0.030858481,0.033283472,0.027349062,0.027002731,0.03246498,0.043519206,0.034419145,0.026541464,0.03537058
ZNF286B,0.024623824,0.021933226,0.02971143,0.024723856,0.025433121,0.03612354,0.027963236,0.03274524,0.032581136,0.033642184,0.034437187,0.032165214,0.025445998,0.028224546,0.030829139,0.029812736,0.028252456,0.042061936,0.03745244,0.025710141,0.027340451,0.033634182,0.028957387,0.02740348,0.03016806,0.033366885,0.039796267,0.032158,0.028504193,0.036001578,0.049429256,0.029367654
ZNF296,0.0090444265,0.013973711,0.023917388,0.055456437,0.024355263,0.030667895,0.029611524,0.034329616,0.030032236,0.047112465,0.025190186,0.034751195,0.032130912,0.030868934,0.03061054,0.04130221,0.042118125,0.038520504,0.028839998,0.03011821,0.031362753,0.03417704,0.02820425,0.03327787,0.028648745,0.022881579,0.029624684,0.03718227,0.02928569,0.033228975,0.028027529,0.031146914
ZNF618,0.02518745,0.028139727,0.042061016,0.034596466,0.034348246,0.030470438,0.035868265,0.024631629,0.027330615,0.028345076,0.031231016,0.0334305,0.0268613,0.03289172,0.02791773,0.030206207,0.02307958,0.029782519,0.024427958,0.028797984,0.031132666,0.030380992,0.025849238,0.03577621,0.035646573,0.029003337,0.042712525,0.025356334,0.049253732,0.032150034,0.02576442,0.03736849
ZNF777,0.029608529,0.028985888,0.044702515,0.024694514,0.029299008,0.025983958,0.04816992,0.072130024,0.03008859,0.031563457,0.030045956,0.027123176,0.026462207,0.03377198,0.027045967,0.025794903,0.019608624,0.026026228,0.029303696,0.030259438,0.034124747,0.025791228,0.028758785,0.029573519,0.026901396,0.033509403,0.030677704,0.025397135,0.02566232,0.03917058,0.034101382,0.025663245
ZNF827,0.024122179,0.029442748,0.0248797,0.030600902,0.026848817,0.035854764,0.02476605,0.04642161,0.02941676,0.03268542,0.041299675,0.028703477,0.03386534,0.028045371,0.037051946,0.0278938,0.028569663,0.034062512,0.027487878,0.023737581,0.029567836,0.032377392,0.019420458,0.025926495,0.031784073,0.026958935,0.05334173,0.031809736,0.03366723,0.039382644,0.03197175,0.02803553
