perturbation,fold,rmse,pearson_corr,best_n_estimators,best_max_depth,best_learning_rate,best_subsample
AFF1,0,0.09998381067472126,-0.02170156096476214,100,3,0.01,1.0
AFF1,1,0.10032544947017054,0.049046578472607585,100,3,0.01,0.8
AFF1,2,0.09890209869341003,0.00805191613772821,100,3,0.01,0.8
AFF1,3,0.10579761580525286,0.0326375059280625,200,3,0.01,0.8
AFF1,4,0.09706225264968144,-0.018673388072340535,100,3,0.01,0.8
ALX1,0,0.11465257638455742,-0.0050898425909095815,100,3,0.01,0.8
ALX1,1,0.11252316481126765,-0.06277573870895407,100,3,0.01,0.8
ALX1,2,0.10999542166726582,-0.01808763371305853,100,3,0.01,0.8
ALX1,3,0.11278488424970816,0.0054146491363304215,100,3,0.01,0.8
ALX1,4,0.10960194780986006,-0.0014875999089551863,100,3,0.01,1.0
ALX4,0,0.14211985783669556,-0.016474337508157074,100,3,0.01,0.8
ALX4,1,0.1629646925221868,-0.03579270858283614,100,3,0.01,1.0
ALX4,2,0.12481737259854882,0.023688085951878726,100,3,0.01,1.0
ALX4,3,0.13230639759259796,0.023947974232297733,100,3,0.01,0.8
ALX4,4,0.1249162589176737,-0.0243768120052164,100,3,0.01,1.0
ARID1A,0,0.14956663143792445,0.02607440920416954,100,3,0.01,0.8
ARID1A,1,0.1441862176309879,0.08465777342793324,100,3,0.01,0.8
ARID1A,2,0.1480722179213219,0.01776371691178509,100,6,0.01,0.8
ARID1A,3,0.1450108000303126,-0.004660252168583583,100,3,0.01,0.8
ARID1A,4,0.14490180344131268,0.023503753992493662,100,3,0.01,0.8
ARID3A,0,0.09512718372056779,-0.0001723681473527882,100,3,0.01,1.0
ARID3A,1,0.09564950377059864,0.07171661281003235,100,3,0.01,0.8
ARID3A,2,0.09594792119003702,0.07609094499929164,100,3,0.01,0.8
ARID3A,3,0.08652083116088749,0.057045729549566666,100,3,0.01,1.0
ARID3A,4,0.09297045826738595,0.03973237539208371,100,3,0.01,0.8
ARNTL,0,0.1612996737632643,0.027290475763217213,100,3,0.01,0.8
ARNTL,1,0.16486724928117505,0.08628667605491912,100,3,0.01,0.8
ARNTL,2,0.15763800672495393,-0.008852826325570754,100,3,0.01,0.8
ARNTL,3,0.16710128109270353,0.05455558936038996,100,3,0.01,0.8
ARNTL,4,0.1570787584841041,0.058391756132156455,100,3,0.01,0.8
ATF3,0,0.09752256344209385,0.06227433037252243,100,6,0.01,1.0
ATF3,1,0.13583270372576173,0.13818334971601115,200,3,0.01,0.8
ATF3,2,0.10548984270623428,0.07817186344204241,100,3,0.01,1.0
ATF3,3,0.09669765345788335,0.13661850730574152,100,6,0.01,0.8
ATF3,4,0.09903221560761753,0.09879943170013043,100,9,0.01,0.8
BARX1,0,0.19920707614843539,-0.005882574397980698,100,3,0.01,1.0
BARX1,1,0.22627389651586988,-0.01683391104548316,100,3,0.01,0.8
BARX1,2,0.2062885632334089,-0.03497057127999608,100,3,0.01,0.8
BARX1,3,0.20177969680776095,0.014113460733005314,100,3,0.01,0.8
BARX1,4,0.21004579303983456,0.016889104447421623,100,3,0.01,0.8
BBX,0,0.2692278320462157,-0.014378458191254589,100,3,0.01,0.8
BBX,1,0.30032970917873164,0.05023571379884683,100,3,0.01,0.8
BBX,2,0.42786826943424,0.0507910104403583,100,3,0.01,1.0
BBX,3,0.2753218619523269,-0.004374830801396,100,6,0.01,0.8
BBX,4,0.278334852262824,0.007701049469313731,100,6,0.01,0.8
BCL11A,0,0.24468044778588327,-0.028786403457473023,100,3,0.01,0.8
BCL11A,1,0.2598220725935017,0.028405870090144343,100,3,0.01,0.8
BCL11A,2,0.27395377539346216,0.038554413578755144,100,3,0.01,0.8
BCL11A,3,0.25594492341549974,-0.02070334203373426,100,3,0.01,0.8
BCL11A,4,0.25558533782865883,-0.010911403126064551,100,3,0.01,0.8
BCL11B,0,0.2981169930423539,0.04813028425368696,100,3,0.01,1.0
BCL11B,1,0.30414350867388823,0.05847202615757669,100,3,0.01,0.8
BCL11B,2,0.32070587381997046,0.1083298589030462,100,3,0.01,0.8
BCL11B,3,0.3100955194125157,0.04183721328786335,200,3,0.01,1.0
BCL11B,4,0.3032118275992497,0.07833541982035151,100,3,0.01,0.8
BHLHE40,0,0.13681378795104113,0.03466856198526638,100,3,0.01,0.8
BHLHE40,1,0.14069663643839303,0.010546169035403525,100,3,0.01,0.8
BHLHE40,2,0.14499801809395124,0.0012969830131633051,100,3,0.01,0.8
BHLHE40,3,0.14232235104459146,-0.02717689536536118,100,3,0.01,0.8
BHLHE40,4,0.13887715415546337,-0.03544578218335404,100,3,0.01,0.8
BHLHE41,0,0.1442207410817348,-0.07192884274450434,100,3,0.01,0.8
BHLHE41,1,0.14307269048993335,-0.055686447020668904,100,3,0.01,0.8
BHLHE41,2,0.14003467539232284,0.002071276661446269,100,3,0.01,0.8
BHLHE41,3,0.13766115257105987,-0.04167169353854452,100,3,0.01,0.8
BHLHE41,4,0.14327448741635923,-0.020041970131299554,100,3,0.01,0.8
BID,0,0.09695844387656974,-0.03232052536079594,100,3,0.01,0.8
BID,1,0.08922964751881476,0.04739982348768782,100,3,0.01,0.8
BID,2,0.1030834728322999,-0.022200792970133634,100,6,0.01,0.8
BID,3,0.07959742564038386,0.08161811183104185,100,3,0.01,0.8
BID,4,0.188632680039184,0.02985637141790384,100,3,0.01,0.8
BNC1,0,0.09757968120069843,0.02447796108980572,100,3,0.01,0.8
BNC1,1,0.10143449436011588,0.005346909647652948,100,3,0.01,0.8
BNC1,2,0.09536215885323249,0.03638285771033715,100,3,0.01,1.0
BNC1,3,0.09659032480796799,0.025714345996528633,100,3,0.01,0.8
BNC1,4,0.09539938101815224,-0.01610795935149922,100,3,0.01,0.8
BNC2,0,0.13021143056944035,0.041690910720456005,100,3,0.01,0.8
BNC2,1,0.13367188672877403,0.011277541463566621,100,3,0.01,0.8
BNC2,2,0.12130848086260197,0.03351154159587424,100,3,0.01,0.8
BNC2,3,0.12546710436739988,-0.0071577416154865,100,3,0.01,0.8
BNC2,4,0.12529377055767676,0.012667272770628471,100,3,0.01,0.8
BPTF,0,0.13257968658401492,0.008967638716269932,100,3,0.01,1.0
BPTF,1,0.1252924543052344,0.019276733550153313,100,3,0.01,0.8
BPTF,2,0.13376200238409786,0.0007768300325804225,100,3,0.01,0.8
BPTF,3,0.13617201972806076,0.010953564450187898,100,3,0.01,1.0
BPTF,4,0.13212904389327523,-0.003912915465414237,100,3,0.01,0.8
BSX,0,0.1898411504383147,0.10723536409773769,200,3,0.01,0.8
BSX,1,0.20794468026181237,0.14394799913583653,100,9,0.01,0.8
BSX,2,0.1866132551695997,0.09088569811357629,200,3,0.01,1.0
BSX,3,0.1872046409238406,0.11818478629150296,100,3,0.01,0.8
BSX,4,0.1710991031871566,0.12888758335727699,100,6,0.01,0.8
CARHSP1,0,0.09681871294316129,-0.017325322666005605,100,6,0.01,0.8
CARHSP1,1,0.33260174943552245,-0.005010956691487677,100,3,0.01,0.8
CARHSP1,2,0.09388741165062076,0.012396878382731702,100,3,0.01,0.8
CARHSP1,3,0.11031375315538969,-0.055715474694155,100,3,0.01,0.8
CARHSP1,4,0.13961860728902456,0.024652777810486564,100,3,0.01,0.8
CASZ1,0,0.23344619047395723,-0.0081377924720172,100,3,0.01,0.8
CASZ1,1,0.2650799498110657,0.04826878516446643,100,3,0.01,0.8
CASZ1,2,0.23300774691996862,0.01817778547593521,100,3,0.01,0.8
CASZ1,3,0.2346965455971448,-0.012543811521298728,100,3,0.01,0.8
CASZ1,4,0.315927235842047,-0.011051441948406644,100,3,0.01,1.0
CDX2,0,0.17836725379774743,-0.011861098487141944,100,3,0.01,1.0
CDX2,1,0.1594383625678443,0.039394251753103605,100,3,0.01,0.8
CDX2,2,0.14719142379972838,0.07351647089117326,100,3,0.01,0.8
CDX2,3,0.17948040811452654,0.05366476273267497,100,3,0.01,0.8
CDX2,4,0.1753254438471103,-0.00610841644715619,100,3,0.01,0.8
CEBPA,0,0.20606475606579158,0.04459288735215345,100,3,0.01,0.8
CEBPA,1,0.20439902805960125,-0.01231313318203217,100,3,0.01,1.0
CEBPA,2,0.23029152114171175,0.053940541741203295,100,3,0.01,0.8
CEBPA,3,0.23191807052419747,0.018940071570944027,100,3,0.01,0.8
CEBPA,4,0.2388664776177729,0.029171238953833493,100,3,0.01,0.8
CEBPB,0,0.2014998029919312,0.05261633020205547,100,3,0.01,0.8
CEBPB,1,0.20573201163692048,-0.002510534512715063,100,3,0.01,0.8
CEBPB,2,0.208019203444338,0.0497791547461736,100,3,0.01,0.8
CEBPB,3,0.1937388494094902,0.039029339901586975,100,3,0.01,0.8
CEBPB,4,0.21830047974172248,0.10133191117899312,100,3,0.01,0.8
CREBBP,0,0.10088617460925194,0.021204335361417997,100,3,0.01,0.8
CREBBP,1,0.10678950814330714,0.018958734806346716,100,6,0.01,0.8
CREBBP,2,0.10271674123284202,0.020503548028315263,100,3,0.01,0.8
CREBBP,3,0.11350097684866389,0.06605693642455636,100,3,0.01,0.8
CREBBP,4,0.10829924881762046,0.013079686175962573,100,3,0.01,0.8
DLX2,0,0.11386047179855777,-0.021436207363179163,100,3,0.01,0.8
DLX2,1,0.1257307397987319,0.03306566405363925,100,3,0.01,0.8
DLX2,2,0.10532361263559009,-0.029518760228095086,100,3,0.01,0.8
DLX2,3,0.11928385409348623,-0.0004940700055098595,100,3,0.01,0.8
DLX2,4,0.11226330481297747,0.031758528923125286,100,3,0.01,0.8
DLX3,0,0.14902241430638427,0.02316493549088981,100,3,0.01,0.8
DLX3,1,0.1797686842562664,0.012470817670537255,100,6,0.01,0.8
DLX3,2,0.1505774187592025,0.11185732536090849,100,3,0.01,0.8
DLX3,3,0.18572657679437635,-0.0027822129280119633,100,3,0.01,0.8
DLX3,4,0.1657091829372238,-0.025302022232397744,100,3,0.01,0.8
DMRT1,0,0.14441992111069327,0.010315038434263272,100,3,0.01,0.8
DMRT1,1,0.15095762713445543,-0.007030457065520157,100,3,0.01,0.8
DMRT1,2,0.15411363245060428,0.04054230710152437,100,3,0.01,1.0
DMRT1,3,0.15525319764477563,0.0294723279413099,100,3,0.01,0.8
DMRT1,4,0.17701885718502838,0.010597912815759223,100,3,0.01,0.8
DNAJC1,0,0.098113519523756,-0.005712879711679985,100,3,0.01,0.8
DNAJC1,1,0.12167887991467757,0.020072304393020803,100,3,0.01,0.8
DNAJC1,2,0.09759074129963338,0.04715931346366842,100,3,0.01,0.8
DNAJC1,3,0.23339334394661726,-0.02622192698316847,100,3,0.01,0.8
DNAJC1,4,0.09657337536459311,-0.029840765278581514,100,3,0.01,0.8
EBF2,0,0.14100366530882277,-0.02312386538296153,100,3,0.01,0.8
EBF2,1,0.13565407100684032,0.06799731531089262,100,3,0.01,0.8
EBF2,2,0.14016749690566166,0.03371625807830844,100,3,0.01,0.8
EBF2,3,0.13552171395944906,0.01628020905391644,100,3,0.01,0.8
EBF2,4,0.12498691109271975,-0.03911948998938423,100,3,0.01,0.8
EBF3,0,0.1798194403942386,0.09869057554289137,100,3,0.01,0.8
EBF3,1,0.19725148434744574,0.018520240601095923,100,6,0.01,0.8
EBF3,2,0.19008313019217618,0.12440867922716248,100,3,0.01,0.8
EBF3,3,0.1904673889994692,0.07280621954761973,100,3,0.01,0.8
EBF3,4,0.194179731114476,0.07401457287742402,100,3,0.01,0.8
EGR2,0,0.1292818308705673,0.06073451235833487,100,3,0.01,0.8
EGR2,1,0.1549032804300219,0.0350561856618964,100,3,0.01,0.8
EGR2,2,0.14733637585057044,0.08753276173850891,100,3,0.01,0.8
EGR2,3,0.15717276243290543,0.01895947969802127,100,3,0.01,0.8
EGR2,4,0.13944083290874532,0.057439500764754216,100,3,0.01,0.8
EGR3,0,0.1451145969718882,0.08089265047679953,100,3,0.01,0.8
EGR3,1,0.16508643858736652,0.08716584546191748,100,3,0.01,0.8
EGR3,2,0.1554189523181787,0.08722574789839034,100,3,0.01,0.8
EGR3,3,0.15825069377700388,0.12990045340517845,100,3,0.01,0.8
EGR3,4,0.14955683907812126,0.11571701740081812,100,3,0.01,0.8
ELF4,0,0.10448193655814068,0.004723601765536273,100,3,0.01,0.8
ELF4,1,0.11278310545818823,0.07852356410672577,100,3,0.01,0.8
ELF4,2,0.11523768224131713,0.06348008438432373,100,3,0.01,0.8
ELF4,3,0.10917357288091117,0.0035289241033574286,100,3,0.01,0.8
ELF4,4,0.11062735169712239,0.037068893043044955,100,3,0.01,0.8
ELK3,0,0.08049786833654153,0.008701765899751837,100,6,0.01,0.8
ELK3,1,0.08337700669558058,0.06452062751054775,100,3,0.01,0.8
ELK3,2,0.0844089392258037,0.02151560127683693,100,6,0.01,0.8
ELK3,3,0.117195297402761,0.08334545847145687,100,3,0.01,0.8
ELK3,4,0.08333100779618868,0.006315551487501219,100,3,0.01,0.8
EOMES,0,0.3543430439536101,0.0009343699720403012,100,3,0.01,0.8
EOMES,1,0.3764871601804754,-0.01384012241164875,100,3,0.01,1.0
EOMES,2,0.32226444604140814,-0.005040468764113887,100,3,0.01,0.8
EOMES,3,0.32382474764619523,-0.045893640835182055,100,3,0.01,0.8
EOMES,4,0.43779178037191613,0.04744010192152825,100,3,0.01,0.8
EP300,0,0.14345457586246976,0.04806335961942976,100,3,0.01,0.8
EP300,1,0.1424182561162839,0.09802829343817686,100,3,0.01,0.8
EP300,2,0.12698053200303938,0.08543507604532954,100,3,0.01,0.8
EP300,3,0.1415573333232585,0.02702207727468917,100,3,0.01,0.8
EP300,4,0.1430113596800049,0.04504245610056956,100,3,0.01,0.8
EPAS1,0,0.08081062875669659,0.0802138026436282,100,3,0.01,0.8
EPAS1,1,0.1375892237179636,0.1089070147058991,100,3,0.01,0.8
EPAS1,2,0.08781640257716058,0.056990280770608276,100,3,0.01,0.8
EPAS1,3,0.0864241329250105,0.05649399267192433,100,3,0.01,1.0
EPAS1,4,0.08123640554016864,0.14032331879281013,100,3,0.01,0.8
ESX1,0,0.1776462118357023,0.05418556566084647,100,3,0.01,0.8
ESX1,1,0.2249847706777498,-0.01045201170657233,100,3,0.01,0.8
ESX1,2,0.17747943660448873,-0.005608465525511326,100,3,0.01,0.8
ESX1,3,0.19411779907701565,-0.03048043978121435,100,3,0.01,0.8
ESX1,4,0.18144673896813962,-0.010209458490862239,100,3,0.01,0.8
ETS1,0,0.18720165586786586,0.09312342577320928,200,3,0.01,0.8
ETS1,1,0.18444335989936836,0.12793422919135133,100,3,0.01,0.8
ETS1,2,0.19015464367959384,0.13297367058749834,100,3,0.01,0.8
ETS1,3,0.20011654210676513,0.11221486645876341,100,3,0.01,0.8
ETS1,4,0.18822952005204946,0.014436203726536433,100,3,0.01,0.8
FEZF2,0,0.17204241927729536,0.09559521442933883,100,3,0.01,0.8
FEZF2,1,0.16887144258182338,-0.016928181661501437,100,3,0.01,0.8
FEZF2,2,0.16725179817895153,0.04463996535227623,100,3,0.01,0.8
FEZF2,3,0.17423414899854925,0.02802210209051284,100,3,0.01,0.8
FEZF2,4,0.1746678333556619,0.03926277006038662,100,3,0.01,0.8
FLI1,0,0.2507138815472259,0.081795770020907,100,3,0.01,1.0
FLI1,1,0.2430872609337917,0.09568304504164955,100,3,0.01,0.8
FLI1,2,0.23643122360856408,0.06920419664918005,300,3,0.01,1.0
FLI1,3,0.2405114373532811,-0.013769146766060667,100,6,0.01,1.0
FLI1,4,0.24018083448651806,0.015612129321170957,100,3,0.01,0.8
FOSB,0,0.1450349640455887,0.1783917075615996,200,3,0.01,0.8
FOSB,1,0.17577942986046313,0.21990985229698928,300,3,0.01,0.8
FOSB,2,0.1422980254707357,0.2195626317027899,200,3,0.01,0.8
FOSB,3,0.13445169618317412,0.1746413528129467,200,6,0.01,0.8
FOSB,4,0.16329154989868386,0.19198295849719885,300,3,0.01,0.8
FOSL1,0,0.11444603511327477,0.07098764838690727,100,3,0.01,1.0
FOSL1,1,0.12442115097336569,0.048954856025726495,100,3,0.01,0.8
FOSL1,2,0.12344872825167624,0.024141722858568738,100,3,0.01,0.8
FOSL1,3,0.12560689717998766,0.07146475637475512,100,3,0.01,0.8
FOSL1,4,0.12560233063838402,0.059461792003808474,100,3,0.01,0.8
FOSL2,0,0.19094650835147536,0.0059793163792077044,100,3,0.01,0.8
FOSL2,1,0.18923244481955673,0.07223433965077239,100,3,0.01,0.8
FOSL2,2,0.18004098284448242,0.06350480300108226,100,3,0.01,0.8
FOSL2,3,0.18043113959705265,0.0071727987374978295,100,3,0.01,0.8
FOSL2,4,0.17709679303429188,0.0758292510989761,100,3,0.01,0.8
FOXA3,0,0.22191968472942813,-0.06802604433742232,100,3,0.01,0.8
FOXA3,1,0.2240600555088164,0.045534068808418274,100,3,0.01,0.8
FOXA3,2,0.18174716359348397,0.09215816870191608,100,3,0.01,0.8
FOXA3,3,0.19138455428643117,-0.022314657877869078,100,3,0.01,0.8
FOXA3,4,0.19814808447355917,0.009153913794219742,100,3,0.01,0.8
FOXC1,0,0.20432598076069222,0.01127377969106915,100,3,0.01,0.8
FOXC1,1,0.2095497276305676,-0.001573968036480521,100,3,0.01,1.0
FOXC1,2,0.2118055144258442,-0.011179792753914649,100,3,0.01,0.8
FOXC1,3,0.2335550947573485,0.02176988770983696,100,3,0.01,0.8
FOXC1,4,0.21678064743189954,-0.05788429389264771,100,3,0.01,0.8
FOXC2,0,0.2939406334879104,0.033072264836327706,100,3,0.01,0.8
FOXC2,1,0.3111858847241743,0.043266170468221926,100,3,0.01,0.8
FOXC2,2,0.3233825676360575,-0.010063525801885374,100,3,0.01,0.8
FOXC2,3,0.32427669077887256,0.048247976658792144,100,3,0.01,0.8
FOXC2,4,0.32064811507707114,-0.02501657819866715,100,3,0.01,0.8
FOXD1,0,0.11944011712888276,-0.03056391916115964,100,3,0.01,0.8
FOXD1,1,0.1300462970143137,0.013037251282176181,100,3,0.01,0.8
FOXD1,2,0.15620837865019643,0.03228406800611251,100,3,0.01,0.8
FOXD1,3,0.12568324630081526,0.03711947947776333,100,3,0.01,0.8
FOXD1,4,0.13633936733443586,-0.014007518950812634,100,3,0.01,0.8
FOXD2,0,0.11511336620565074,0.07844137501992315,100,3,0.01,0.8
FOXD2,1,0.12443210557712883,0.019980234214577817,100,3,0.01,0.8
FOXD2,2,0.11270551072251997,0.017094321113854147,100,3,0.01,0.8
FOXD2,3,0.12110759431593951,0.03201082127061584,100,3,0.01,0.8
FOXD2,4,0.13213506358701818,0.0360454379185727,200,3,0.01,0.8
FOXD3,0,0.21846445650275328,0.04802928347413208,100,3,0.01,0.8
FOXD3,1,0.21309893914559794,0.06605710418503866,100,3,0.01,0.8
FOXD3,2,0.20694726233417687,0.03841637188923847,100,3,0.01,0.8
FOXD3,3,0.21767432665817515,0.04638255188105663,100,3,0.01,0.8
FOXD3,4,0.2241449486731082,0.05071514399305126,100,3,0.01,0.8
FOXE1,0,0.2514941209295377,0.029866411470077642,100,3,0.01,1.0
FOXE1,1,0.24923494151748113,0.06673465804606461,100,6,0.01,0.8
FOXE1,2,0.26123022196778106,0.02048050318607158,100,3,0.01,0.8
FOXE1,3,0.23605533124839925,0.022634918826029714,100,3,0.01,0.8
FOXE1,4,0.25620185915002164,0.049936439531992165,100,3,0.01,0.8
FOXE3,0,0.16078303033452407,0.09859877223496699,100,3,0.01,0.8
FOXE3,1,0.16839668952985382,0.05378810877205533,200,3,0.01,0.8
FOXE3,2,0.15742051861858516,0.06318317400597702,200,3,0.01,0.8
FOXE3,3,0.15809738476142113,0.08119369725526031,100,3,0.01,0.8
FOXE3,4,0.1603903720231452,0.07196853679863736,100,3,0.01,0.8
FOXF1,0,0.18107302113336413,0.0790942541482738,200,3,0.01,0.8
FOXF1,1,0.2037060257279151,0.16486582997937219,300,3,0.01,0.8
FOXF1,2,0.17999640506689088,0.15580828686914572,300,3,0.01,0.8
FOXF1,3,0.17365467965370832,0.16812258326499332,300,3,0.01,0.8
FOXF1,4,0.17336353269024782,0.14152849147353985,200,3,0.01,0.8
FOXF2,0,0.14277449639760784,0.08580094427782359,200,3,0.01,0.8
FOXF2,1,0.16216310028460715,0.13755436706104926,100,6,0.01,0.8
FOXF2,2,0.14629120100736154,0.15398726167247895,100,3,0.01,0.8
FOXF2,3,0.1393481373736011,0.16231669040478391,100,3,0.01,0.8
FOXF2,4,0.13597400282828814,0.12627849346326434,100,3,0.01,0.8
FOXI3,0,0.17271565526746832,0.09571779307023578,300,3,0.01,1.0
FOXI3,1,0.1694285560273847,0.1467495989874774,100,3,0.01,0.8
FOXI3,2,0.16412655128560735,0.09621574533742268,200,3,0.01,0.8
FOXI3,3,0.16569979966474532,0.10340957892778296,100,3,0.01,0.8
FOXI3,4,0.18584277123523246,0.11838030477859779,100,3,0.01,0.8
FOXJ1,0,0.22496095302358668,0.015157707368629548,100,9,0.01,0.8
FOXJ1,1,0.18773688390606394,0.07394433554310316,100,9,0.01,0.8
FOXJ1,2,0.17483197342838735,0.08686685467072869,100,3,0.01,0.8
FOXJ1,3,0.4459677355376823,0.016860243060581676,100,3,0.01,0.8
FOXJ1,4,0.22150956771169575,0.05452436281070847,100,3,0.01,0.8
FOXL2,0,0.15834076267746167,0.08464821546932486,100,6,0.01,0.8
FOXL2,1,0.16149608429253742,0.1368500548094804,100,6,0.01,0.8
FOXL2,2,0.15417465466903368,0.07651777489721803,200,3,0.01,0.8
FOXL2,3,0.1478612735001765,0.09858436578936045,100,3,0.01,0.8
FOXL2,4,0.15673802032640627,0.14756864363202174,100,6,0.01,0.8
FOXP4,0,0.1491410771803475,0.058025482056901855,200,3,0.01,0.8
FOXP4,1,0.15891201489624793,0.11307866851549941,100,3,0.01,0.8
FOXP4,2,0.14400126237505084,0.09528902664315564,100,3,0.01,0.8
FOXP4,3,0.14712462939327595,0.04992024222857736,100,6,0.01,0.8
FOXP4,4,0.14873815815088226,0.060651117034758686,100,3,0.01,0.8
GATA2,0,0.2635687538197338,0.08984003065862443,100,6,0.01,0.8
GATA2,1,0.26778432600334356,0.232707766055203,100,6,0.01,0.8
GATA2,2,0.2438937447414223,0.13052655299427518,100,6,0.01,0.8
GATA2,3,0.3501137828277196,0.05861263180882282,100,3,0.01,1.0
GATA2,4,0.24816414458021088,0.08139348497815742,100,3,0.01,0.8
GATA3,0,0.14567978654334318,0.1630918716127777,200,3,0.01,0.8
GATA3,1,0.14963806244460476,0.18143738441354323,200,3,0.01,0.8
GATA3,2,0.1379374467988055,0.17457004909069196,200,3,0.01,0.8
GATA3,3,0.15126478229669948,0.1749799340117021,200,3,0.01,0.8
GATA3,4,0.13165718856657407,0.14157303924461292,200,6,0.01,0.8
GATA4,0,0.21494230943969442,0.07070163612330863,100,9,0.01,0.8
GATA4,1,0.2087596084795499,0.1847706985595187,100,3,0.01,0.8
GATA4,2,0.20070494495161245,0.042730769062995874,100,3,0.01,0.8
GATA4,3,0.2115913006053472,0.09586291097939104,100,3,0.01,0.8
GATA4,4,0.2247643922939114,0.07085727596849101,200,3,0.01,1.0
GATA6,0,0.25874614165338866,0.08053003112632943,100,6,0.01,0.8
GATA6,1,0.22416187564297435,0.09653696104818248,100,3,0.01,0.8
GATA6,2,0.21589474245340168,0.10496443970225215,100,3,0.01,0.8
GATA6,3,0.2479893110548763,0.06070336735256796,100,3,0.01,0.8
GATA6,4,0.21378398963601966,0.033780320117121294,100,9,0.01,0.8
GFI1,0,0.15455591353679252,0.0479314492574093,100,3,0.01,0.8
GFI1,1,0.1458321435286128,0.055256271391419434,100,3,0.01,0.8
GFI1,2,0.12793167164934438,-0.009401437833103913,100,3,0.01,0.8
GFI1,3,0.12626334245076049,0.09427989790418678,100,3,0.01,0.8
GFI1,4,0.13803665317795358,0.08512274524445203,100,6,0.01,0.8
GLI1,0,0.1812029158992953,0.006554177556443464,100,3,0.01,0.8
GLI1,1,0.20009972053593242,0.03824927674203745,100,3,0.01,0.8
GLI1,2,0.20287521790219584,0.05531090704546828,100,3,0.01,0.8
GLI1,3,0.18788869603869515,0.04136596119225566,100,3,0.01,0.8
GLI1,4,0.23147958407945024,0.05397980019330716,100,3,0.01,0.8
GLIS3,0,0.15341664938769345,0.00886152007492041,100,6,0.01,0.8
GLIS3,1,0.16712230809259965,0.12529406419831082,100,3,0.01,0.8
GLIS3,2,0.14119434678538728,-0.017242780846103326,100,3,0.01,0.8
GLIS3,3,0.15736217394928886,0.08311957269466935,100,3,0.01,1.0
GLIS3,4,0.1714627351753624,0.03747737526837517,100,3,0.01,0.8
GSC,0,0.18064908688009418,0.05687105029235008,100,3,0.01,0.8
GSC,1,0.2039548418845013,0.07401505962536035,200,3,0.01,1.0
GSC,2,0.18280552202290987,0.06794379500045031,100,3,0.01,0.8
GSC,3,0.18690994951394818,0.1193659037314295,100,3,0.01,0.8
GSC,4,0.17265604614248636,0.08243538557708406,200,3,0.01,0.8
GSX2,0,0.17423125170347545,0.0801355429944976,100,3,0.01,1.0
GSX2,1,0.1768905209394405,0.09502785363862411,100,3,0.01,0.8
GSX2,2,0.1659626764655506,0.07179651941292718,100,3,0.01,0.8
GSX2,3,0.16609798004701729,0.03516423970318655,100,3,0.01,0.8
GSX2,4,0.17581420002133827,0.09202826511180415,100,3,0.01,1.0
GTF2B,0,0.15436688373854973,0.11700903785202492,100,3,0.01,0.8
GTF2B,1,0.15956951496385602,0.02133845114376825,100,6,0.01,0.8
GTF2B,2,0.14716901795538595,0.09645581413573728,100,3,0.01,0.8
GTF2B,3,0.14792498651420874,0.09153953582299323,100,3,0.01,0.8
GTF2B,4,0.19472960466065148,0.05502600999672564,100,3,0.01,0.8
HAND1,0,0.14715818575984316,0.10316318449487603,100,3,0.01,0.8
HAND1,1,0.18406786620214877,0.035684173169257136,100,3,0.01,0.8
HAND1,2,0.3156165977068681,0.009339850551878033,100,3,0.01,0.8
HAND1,3,0.1672395858021265,0.0359189413186902,100,3,0.01,0.8
HAND1,4,0.15983457178717242,0.04259959770138838,100,3,0.01,0.8
HELZ2,0,0.2098237372833434,0.2899021908925864,300,6,0.01,0.8
HELZ2,1,0.24163456761093022,0.40555920257553096,300,3,0.01,0.8
HELZ2,2,0.24669814936537277,0.27890355027418057,300,3,0.01,0.8
HELZ2,3,0.20958613076520513,0.2545799824358031,300,3,0.01,0.8
HELZ2,4,0.22721426040179762,0.2283146533293663,200,9,0.01,0.8
HES4,0,0.15406634804085342,-0.029897929604270512,100,6,0.01,0.8
HES4,1,0.14646430799764704,-0.005003652145827084,100,6,0.01,0.8
HES4,2,0.14055517254684652,0.0005533305140535483,100,9,0.01,0.8
HES4,3,0.14484469178627019,-0.028277156326843304,100,6,0.01,0.8
HES4,4,0.5011927148815934,-0.016605460220448787,100,3,0.01,0.8
HES5,0,0.10322977041283755,0.00891778843725355,100,3,0.01,1.0
HES5,1,0.10169567125038187,0.061525618718001045,100,6,0.01,0.8
HES5,2,0.10420578782381873,0.03126079731598372,100,3,0.01,0.8
HES5,3,0.0980927009394414,0.08646686694228171,100,9,0.01,0.8
HES5,4,0.09793557204280591,0.033677909106676326,100,3,0.01,0.8
HES7,0,0.39039426355734275,0.10994394527121129,100,6,0.01,0.8
HES7,1,0.34409259387557173,0.15387052980111313,100,6,0.01,0.8
HES7,2,0.32978271619321803,0.07615432437478975,100,6,0.01,0.8
HES7,3,0.3185311986536301,0.10927445636131898,100,6,0.01,0.8
HES7,4,0.3420530401550765,0.09734632375208756,100,9,0.01,0.8
HHEX,0,0.19434124923175766,0.09502861794977599,100,3,0.01,1.0
HHEX,1,0.20957794772019556,0.09068735076806157,100,3,0.01,0.8
HHEX,2,0.21493065634128145,0.06974746908625402,200,3,0.01,0.8
HHEX,3,0.20248342754778306,0.09557917588330445,100,3,0.01,0.8
HHEX,4,0.21086818736622737,0.0383918815043213,100,3,0.01,0.8
HIC1,0,0.1342882455475739,0.021910268858342973,100,3,0.01,0.8
HIC1,1,0.13119411791879818,0.02710334530048565,100,3,0.01,0.8
HIC1,2,0.14636817698985002,0.06483302290189917,100,3,0.01,0.8
HIC1,3,0.12569972621630554,0.015457765942719023,100,3,0.01,0.8
HIC1,4,0.13406822200567367,0.011404613051936336,100,3,0.01,0.8
HIVEP1,0,0.14443465306983538,0.1358093527751163,200,3,0.01,0.8
HIVEP1,1,0.15441786325636836,0.12694875562439986,100,3,0.01,0.8
HIVEP1,2,0.14598389696303135,0.09556454055870225,100,6,0.01,0.8
HIVEP1,3,0.15335958502204777,0.07358838223772474,200,3,0.01,0.8
HIVEP1,4,0.14593380300139602,0.09002198120168695,200,3,0.01,0.8
HMGA1,0,0.1795069274287545,0.011515945842062942,100,3,0.01,1.0
HMGA1,1,0.18258001984946398,0.02759945574902976,100,3,0.01,0.8
HMGA1,2,0.17472374273836314,0.04832814447835658,100,3,0.01,0.8
HMGA1,3,0.23969463767297053,7.840734113705403e-05,100,3,0.01,0.8
HMGA1,4,0.174380751449684,-0.01851458832590851,100,3,0.01,0.8
HMGN2,0,0.16280683444602337,0.1318548199078829,100,3,0.01,0.8
HMGN2,1,0.15600917737351577,0.10032177364287093,100,3,0.01,0.8
HMGN2,2,0.160291263480503,0.08292213711530208,100,3,0.01,0.8
HMGN2,3,0.22593280402335775,0.10650330457938115,100,3,0.01,0.8
HMGN2,4,0.1591280262647195,0.09066398480285412,100,3,0.01,0.8
HMX3,0,0.17440314906836676,0.026006418475878,100,3,0.01,0.8
HMX3,1,0.19068181472637563,-0.021347634827175412,100,3,0.01,0.8
HMX3,2,0.17569516861197712,0.06637186630781411,100,3,0.01,0.8
HMX3,3,0.18578177044058006,0.022226196242463764,100,3,0.01,0.8
HMX3,4,0.17987352224026884,0.038055782608449065,100,3,0.01,0.8
HNF1B,0,0.2930280728335922,0.11207215934448436,100,3,0.01,0.8
HNF1B,1,0.27989587884474426,0.14676585523164384,100,3,0.01,0.8
HNF1B,2,0.35496057289461685,0.0381397400072263,100,3,0.01,0.8
HNF1B,3,0.302120748753112,0.0648413465557735,100,3,0.01,0.8
HNF1B,4,0.29849320159093673,0.009856768508506536,100,6,0.01,0.8
HNRNPAB,0,0.4537819350757418,0.02536996109147735,100,3,0.01,0.8
HNRNPAB,1,0.488838409968834,0.05156874074407767,100,3,0.01,0.8
HNRNPAB,2,0.46827995680786466,0.02904043237527156,100,3,0.01,0.8
HNRNPAB,3,0.43699260073228047,0.10126252688714178,100,3,0.01,0.8
HNRNPAB,4,0.4475650264978365,0.09575067752915159,100,3,0.01,0.8
HOXA13,0,0.25365095906071744,0.011653982253598531,100,3,0.01,0.8
HOXA13,1,0.26248724047864624,0.034780814681920444,100,3,0.01,0.8
HOXA13,2,0.3143000428675997,0.06218098896576557,100,3,0.01,0.8
HOXA13,3,0.3181126932397522,0.04647616754891503,100,3,0.01,0.8
HOXA13,4,0.27806216971514763,-0.011350829780998025,100,3,0.01,0.8
HOXC9,0,0.18250404774298207,0.008151936521931417,100,3,0.01,0.8
HOXC9,1,0.20011687031042683,-0.04008416920795054,100,3,0.01,0.8
HOXC9,2,0.1805859167697871,-0.0475057394227167,100,3,0.01,0.8
HOXC9,3,0.19431039634122899,-0.07530862036448689,100,3,0.01,0.8
HOXC9,4,0.2352539876124644,-0.058858991595520375,100,3,0.01,0.8
HOXC13,0,0.2705991910946273,-0.009465853670027698,100,3,0.01,0.8
HOXC13,1,0.2631966155775006,0.023442600981936356,100,3,0.01,0.8
HOXC13,2,0.27062703700202273,0.05969923530603491,100,3,0.01,0.8
HOXC13,3,0.25685863441351564,0.01522619614907268,100,3,0.01,0.8
HOXC13,4,0.2676549031227385,-0.005386888497890884,100,3,0.01,0.8
IFI16,0,0.11859073319392453,0.06065196084691433,100,3,0.01,0.8
IFI16,1,0.12029843593033256,0.1443652859678419,100,3,0.01,0.8
IFI16,2,0.12038033077137351,0.1150692521529497,100,3,0.01,0.8
IFI16,3,0.21082031133485543,0.12041377612627745,200,3,0.01,0.8
IFI16,4,0.12193120744023313,0.08711964197980696,100,3,0.01,0.8
IKZF2,0,0.15224870221199463,0.07599020853009379,100,3,0.01,0.8
IKZF2,1,0.15406393209583538,0.08150968910677928,100,3,0.01,0.8
IKZF2,2,0.16030383771420362,0.010339663109133571,100,3,0.01,0.8
IKZF2,3,0.15429602650298524,0.0045519475911443945,100,3,0.01,1.0
IKZF2,4,0.15274092930646344,0.024095032148167835,100,3,0.01,1.0
IKZF5,0,0.21311272816621096,0.0572422228644621,100,3,0.01,0.8
IKZF5,1,0.23985200201512213,0.09437804277664857,100,3,0.01,0.8
IKZF5,2,0.21904992866371253,0.07134459885961782,100,3,0.01,0.8
IKZF5,3,0.21171583934666907,0.05528924851297798,100,3,0.01,0.8
IKZF5,4,0.21943041984827108,0.05959789809077092,100,3,0.01,0.8
INSM2,0,0.18847288681215155,0.026122793761561573,200,3,0.01,0.8
INSM2,1,0.20784480143828604,0.10343781135701612,100,3,0.01,0.8
INSM2,2,0.21580194624269597,0.016667091244185885,200,6,0.01,0.8
INSM2,3,0.20072910086095336,0.11112468061877456,100,3,0.01,0.8
INSM2,4,0.19297968708081167,0.09066828054029641,100,3,0.01,0.8
IRF1,0,0.21825584379311613,0.031602239567970876,100,3,0.01,0.8
IRF1,1,0.21806186169514913,0.1182478485605527,100,3,0.01,1.0
IRF1,2,0.188092323935706,0.08443748286291165,100,3,0.01,1.0
IRF1,3,0.20660008526743814,0.05772363550081301,100,3,0.01,1.0
IRF1,4,0.2185671014158488,0.02540112274669701,100,3,0.01,0.8
IRF4,0,0.17161855756754232,0.03808685952385672,100,6,0.01,0.8
IRF4,1,0.20743436482403255,0.06533011785697182,100,3,0.01,0.8
IRF4,2,0.17026467896599906,0.06293474650819676,100,3,0.01,0.8
IRF4,3,0.23338072125688658,0.008187863027113933,100,6,0.01,0.8
IRF4,4,0.15933409408023283,0.0007504790497653795,100,3,0.01,0.8
IRX3,0,0.15331178916307642,0.056106491441848004,100,3,0.01,0.8
IRX3,1,0.1509986440810665,0.010090728281261419,100,3,0.01,0.8
IRX3,2,0.15780583970272735,0.01604698273019062,100,3,0.01,0.8
IRX3,3,0.1639585499302423,0.06326737458746019,100,3,0.01,0.8
IRX3,4,0.15321942808192585,-0.014370741666071997,100,3,0.01,0.8
JDP2,0,0.1266254975977351,0.028057899803273768,100,3,0.01,0.8
JDP2,1,0.1897321772871401,0.05246442111535174,100,3,0.01,1.0
JDP2,2,0.13029213964006442,0.04601286049553186,100,3,0.01,0.8
JDP2,3,0.12477561998584662,-0.023622007088949598,100,3,0.01,0.8
JDP2,4,0.14096997327656105,0.0029645738520755237,100,3,0.01,1.0
JUN,0,0.14130007990953314,0.01701961188550143,100,3,0.01,1.0
JUN,1,0.14299299374794408,0.04046720790753809,100,3,0.01,0.8
JUN,2,0.13056940097827519,-0.029400354334546772,100,3,0.01,0.8
JUN,3,0.1393390898023068,-0.03869969765595784,100,3,0.01,0.8
JUN,4,0.1391937959307077,0.051899240801154725,100,3,0.01,0.8
JUNB,0,0.2595217863621955,0.033538007981156345,100,3,0.01,0.8
JUNB,1,0.3174149168514759,0.06356384425524624,100,3,0.01,0.8
JUNB,2,0.2586215998570374,0.0704221740412879,100,3,0.01,0.8
JUNB,3,0.2788548709903468,0.0193197732426246,100,3,0.01,0.8
JUNB,4,0.26789221060200197,0.02686837175663465,100,3,0.01,0.8
KLF2,0,0.1746150559499404,-0.003952286216258959,100,3,0.01,0.8
KLF2,1,0.1795556240113248,0.06255610902318362,100,3,0.01,0.8
KLF2,2,0.1726084185098072,0.05766651696079332,100,6,0.01,0.8
KLF2,3,0.1664023424945323,0.017076373427029702,100,3,0.01,0.8
KLF2,4,0.18225057685880056,0.06187227359977203,100,3,0.01,0.8
KLF3,0,0.11633044908301166,-0.0004961515954385731,100,3,0.01,0.8
KLF3,1,0.13508255324067467,0.13298024133426123,100,3,0.01,0.8
KLF3,2,0.13215429568933904,-0.09463790021932822,100,3,0.01,1.0
KLF3,3,0.12037823708265925,0.018795363187544042,100,3,0.01,0.8
KLF3,4,0.11913068549264871,0.05513161247214178,100,3,0.01,0.8
KLF5,0,0.14467237662082366,0.0315325179923243,100,3,0.01,0.8
KLF5,1,0.18353045301901272,-0.01361251818656156,100,3,0.01,0.8
KLF5,2,0.13699653882003385,0.05169466886229245,100,3,0.01,0.8
KLF5,3,0.1428035411108329,-0.005180907851461496,100,3,0.01,1.0
KLF5,4,0.16296208287495378,-0.02019339930119776,100,3,0.01,0.8
KLF8,0,0.09831281486431259,0.041309906547045305,100,3,0.01,0.8
KLF8,1,0.11548154668024439,0.10679336329904132,100,3,0.01,0.8
KLF8,2,0.11164052621062927,0.0551252321455987,100,3,0.01,0.8
KLF8,3,0.10684209912381461,0.03661602206198606,100,3,0.01,0.8
KLF8,4,0.10960871805827739,-0.0016608453312141444,100,3,0.01,0.8
KLF15,0,0.12602479103026246,0.04480506083462336,100,3,0.01,0.8
KLF15,1,0.13243698000383858,0.058489043332739805,100,3,0.01,1.0
KLF15,2,0.12463089735295038,0.14414923153621492,100,3,0.01,1.0
KLF15,3,0.12309228648326412,0.09628346103060106,200,3,0.01,0.8
KLF15,4,0.12515676165996356,0.15291014275186549,100,3,0.01,0.8
KLF16,0,0.11454295338198264,0.05491617566216635,100,3,0.01,0.8
KLF16,1,0.11491164252520758,0.07744041999711211,100,3,0.01,0.8
KLF16,2,0.12089597362951564,-0.0045951712458996525,100,3,0.01,0.8
KLF16,3,0.12471711341219308,-0.04874741221967657,100,3,0.01,0.8
KLF16,4,0.12269338833781002,0.02405934456596486,100,3,0.01,1.0
LBX1,0,0.21000644957014622,0.050191685387324825,100,3,0.01,1.0
LBX1,1,0.23205370352951474,0.0654007287047094,100,3,0.01,0.8
LBX1,2,0.2013511350808607,0.016129078167219358,100,3,0.01,0.8
LBX1,3,0.21008449077412972,0.037746083084139556,100,3,0.01,0.8
LBX1,4,0.2204842556529256,0.008153844760323298,100,3,0.01,0.8
LHX2,0,0.11637148446994956,0.09967569096987652,100,3,0.01,0.8
LHX2,1,0.10656391422675464,0.04149975490678569,100,3,0.01,0.8
LHX2,2,0.11412876772294427,0.002253027790635328,100,3,0.01,1.0
LHX2,3,0.1166578707187593,0.050603996887608665,100,3,0.01,0.8
LHX2,4,0.10784835494573625,0.10879087608533795,100,3,0.01,0.8
LHX4,0,0.13147444393738808,-0.013588297560572516,100,3,0.01,0.8
LHX4,1,0.12769179642525047,-0.009209371569331602,100,3,0.01,0.8
LHX4,2,0.1155925970573931,-0.0587736198535609,100,3,0.01,0.8
LHX4,3,0.13398212728629355,0.061233879095393115,100,3,0.01,0.8
LHX4,4,0.10946985343231198,-0.03279081448241676,100,3,0.01,1.0
LHX6,0,0.12344616203834465,0.03405326631807452,100,3,0.01,0.8
LHX6,1,0.1264391720899772,-0.02469826761518894,100,3,0.01,0.8
LHX6,2,0.12045165945726825,-0.019695762258674383,100,3,0.01,1.0
LHX6,3,0.1426607423208016,0.019595759758809023,100,3,0.01,0.8
LHX6,4,0.11912760367524233,0.03354986444584796,100,3,0.01,0.8
LHX9,0,0.21958245226430445,0.039264384566324674,100,3,0.01,0.8
LHX9,1,0.1770822896690011,-0.05449561256946696,100,3,0.01,0.8
LHX9,2,0.170306032911191,0.031054733576254785,100,3,0.01,1.0
LHX9,3,0.1906172276153925,0.002137372005087853,100,3,0.01,0.8
LHX9,4,0.16858064155863142,-0.0018209710878109553,100,3,0.01,0.8
LYL1,0,0.14527869357356932,-0.055410434501115,100,3,0.01,0.8
LYL1,1,0.15336516348730664,0.009255308403674882,100,6,0.01,0.8
LYL1,2,0.1407678568909141,0.04286592088820676,100,3,0.01,0.8
LYL1,3,0.1571476153418474,-0.004769114301930748,100,3,0.01,0.8
LYL1,4,0.14052299501053214,0.03818206363565317,100,3,0.01,1.0
MBD4,0,0.12255213768730089,-0.01513266967041084,100,3,0.01,0.8
MBD4,1,0.12150344394516648,0.010792266567205215,100,3,0.01,0.8
MBD4,2,0.12374948296530942,-0.015932130015070406,100,3,0.01,0.8
MBD4,3,0.16539045520425155,-0.0005416245748636188,100,3,0.01,0.8
MBD4,4,0.1260224752032614,0.04359491871803204,100,3,0.01,1.0
MECOM,0,0.21750787512522232,0.023920100141933714,100,3,0.01,0.8
MECOM,1,0.2152552953211782,0.0031976307109578585,100,3,0.01,1.0
MECOM,2,0.2104117090042242,0.06848953902791552,100,3,0.01,0.8
MECOM,3,0.20763175631504213,-0.044131051084487546,100,3,0.01,0.8
MECOM,4,0.21869489867236355,-0.021931294661220596,100,3,0.01,0.8
MESP1,0,0.09214249534897005,0.052250209893042285,100,3,0.01,0.8
MESP1,1,0.08902326348451839,0.029192154942735717,100,3,0.01,0.8
MESP1,2,0.11131587954332368,0.09222678904308874,300,3,0.01,0.8
MESP1,3,0.09054175410464206,-0.0033759169749297017,100,3,0.01,1.0
MESP1,4,0.09059646268228265,0.0713554528146335,100,3,0.01,0.8
MKX,0,0.13338678756542027,0.053343115923154646,100,3,0.01,0.8
MKX,1,0.14058934388798824,-0.016876796189050594,100,3,0.01,0.8
MKX,2,0.13196308114926406,0.07771947705231277,100,3,0.01,0.8
MKX,3,0.14099779396916126,0.10070061953971327,100,3,0.01,1.0
MKX,4,0.14173137069958605,0.02369255205837826,100,3,0.01,0.8
MLXIP,0,0.1439284546610429,0.03224563953305314,200,3,0.01,1.0
MLXIP,1,0.14716105644200375,0.059250078554601494,100,3,0.01,0.8
MLXIP,2,0.14775933700250124,0.021071248870716555,100,3,0.01,0.8
MLXIP,3,0.14423790093804736,0.03854034764969788,100,3,0.01,0.8
MLXIP,4,0.14659900465457376,0.04034419253942402,100,3,0.01,0.8
MMP3,0,0.10198950184876308,0.05508427420196179,100,6,0.01,0.8
MMP3,1,0.8669906284852585,-0.019479791415112455,100,9,0.05,0.8
MMP3,2,0.10182934567129458,0.004650420654661671,100,3,0.01,0.8
MMP3,3,0.1253024225239184,0.017156765518458697,100,9,0.01,0.8
MMP3,4,0.9843405659740567,-0.017575329031516772,100,3,0.01,0.8
MNX1,0,0.16536650555194468,0.10035378559295137,100,3,0.01,0.8
MNX1,1,0.1744796358933837,0.044343041291297125,100,3,0.01,0.8
MNX1,2,0.15600038575727893,0.05219390859868471,100,3,0.01,0.8
MNX1,3,0.16936938391791964,0.04772957697041429,100,3,0.01,0.8
MNX1,4,0.1686995175617113,0.06191008732216923,100,3,0.01,0.8
MXI1,0,0.18825099878447954,0.13322681318681048,300,3,0.01,0.8
MXI1,1,0.19054689755893311,0.3080089936728443,300,3,0.01,0.8
MXI1,2,0.17779353998199182,0.20233402565841355,200,3,0.01,0.8
MXI1,3,0.1827824996416974,0.2098629919389352,200,3,0.01,0.8
MXI1,4,0.1891642677413319,0.10207691074500001,300,3,0.01,0.8
MYBL1,0,0.15532004808297672,0.06694409528114807,300,3,0.01,0.8
MYBL1,1,0.16983894846467126,0.17893156400334745,300,3,0.01,0.8
MYBL1,2,0.159621523099421,0.1274810504146594,100,6,0.01,0.8
MYBL1,3,0.1601114381766083,0.13054138656453732,200,3,0.01,0.8
MYBL1,4,0.15800614457612525,0.10100403652617256,300,3,0.01,0.8
MYC,0,0.16773689241172882,0.24929908429345177,200,3,0.01,0.8
MYC,1,0.20834281127590407,0.4159282136822959,200,3,0.01,0.8
MYC,2,0.19394690377921597,0.2600411579572041,200,3,0.01,0.8
MYC,3,0.18449201399872367,0.18455858614025325,200,3,0.01,0.8
MYC,4,0.19119232111859924,0.18811593121140852,200,3,0.01,0.8
MYCN,0,0.2084500133883812,0.11757452035160197,200,6,0.01,0.8
MYCN,1,0.22413599813374335,0.29536369575511484,200,3,0.01,0.8
MYCN,2,0.2158588917004638,0.13677551435944074,200,6,0.01,0.8
MYCN,3,0.2135557014865312,0.0652895802991146,200,6,0.01,0.8
MYCN,4,0.21218957439487132,0.13182672952638835,100,3,0.01,1.0
MYOD1,0,0.12455587199404763,0.06381904346314671,100,3,0.01,0.8
MYOD1,1,0.12946475776579122,-0.009950849931031711,100,3,0.01,0.8
MYOD1,2,0.12278740180635594,0.05804729870962618,100,3,0.01,0.8
MYOD1,3,0.11936476680005739,0.025891267626797967,100,3,0.01,0.8
MYOD1,4,0.13005469140009693,0.053925111464857706,100,3,0.01,0.8
MYRF,0,0.17694537513531056,0.05723559298342164,100,3,0.01,0.8
MYRF,1,0.1606029130182839,0.004103490157244721,100,3,0.01,0.8
MYRF,2,0.15038695076163655,0.025779002390479058,100,3,0.01,0.8
MYRF,3,0.15879390619170572,0.010788128440841567,100,3,0.01,0.8
MYRF,4,0.1527847718243653,0.014315143241910397,100,3,0.01,0.8
NCOA3,0,0.10574098884319184,-0.031051299430241902,100,3,0.01,0.8
NCOA3,1,0.11548869475891006,0.019954022511943018,100,3,0.01,0.8
NCOA3,2,0.11014204766824676,0.089473924243436,100,3,0.01,0.8
NCOA3,3,0.10830008103495165,0.029477592513241658,100,3,0.01,0.8
NCOA3,4,0.14321967794462692,0.02278239311731306,100,3,0.01,0.8
NEUROD1,0,0.15925502542414155,0.0809991936762121,100,3,0.01,0.8
NEUROD1,1,0.152827870859316,0.07503060088837553,100,3,0.01,0.8
NEUROD1,2,0.16689552313467423,0.08006638319393307,100,3,0.01,0.8
NEUROD1,3,0.14710085906663586,0.00834753629452246,100,9,0.01,0.8
NEUROD1,4,0.17182581516037004,0.09656063529651421,100,3,0.01,0.8
NEUROD2,0,0.2682049836093195,0.02536853725332411,100,3,0.01,1.0
NEUROD2,1,0.2689921686923472,0.00466197922367271,100,3,0.01,0.8
NEUROD2,2,0.2517123746382884,0.03877784640579645,100,3,0.01,0.8
NEUROD2,3,0.25255755802960406,-0.02724314848538627,100,3,0.01,0.8
NEUROD2,4,0.27905868603785283,0.010052700460132175,100,3,0.01,0.8
NFATC1,0,0.16676417243681682,-0.02210887852465696,100,3,0.01,0.8
NFATC1,1,0.17993586089953306,-0.037202448254064796,100,3,0.01,0.8
NFATC1,2,0.1411743876474963,-0.020538372588813057,100,3,0.01,0.8
NFATC1,3,0.14014963394988045,-0.007934009746409608,100,3,0.01,0.8
NFATC1,4,0.13390725751759447,0.00425395346439441,100,3,0.01,0.8
NFE2,0,0.13743036905668762,0.005979432298039041,100,6,0.01,0.8
NFE2,1,0.13818730494042672,0.005468390231226324,100,3,0.01,0.8
NFE2,2,0.15350527102387307,0.0011682484376400227,100,3,0.01,0.8
NFE2,3,0.14407035647504066,-0.01369093912696719,100,3,0.01,0.8
NFE2,4,0.15713862746946763,0.028785951367530656,100,3,0.01,0.8
NFE2L2,0,0.15541341806103598,-0.007500311757100207,100,3,0.01,0.8
NFE2L2,1,0.20613528429391823,-0.005876885166672284,100,3,0.01,1.0
NFE2L2,2,0.2002126701910716,-0.03208124439962067,100,3,0.01,0.8
NFE2L2,3,0.16848783144765878,0.04604384584444641,100,3,0.01,0.8
NFE2L2,4,0.23872736037644884,0.10800762403657801,100,3,0.01,0.8
NFKBIA,0,0.15802098914512544,0.03521477994770885,100,3,0.01,1.0
NFKBIA,1,0.2378550129427694,0.035651483603783785,100,3,0.01,0.8
NFKBIA,2,0.13691918683434656,0.09469919122029945,100,3,0.01,0.8
NFKBIA,3,0.1392762787767678,0.08302084093547288,100,3,0.01,1.0
NFKBIA,4,0.1399195654714265,-0.009208156002191886,100,3,0.01,0.8
NHP2,0,0.12915802364323803,0.07407648904062088,100,3,0.01,0.8
NHP2,1,0.13288596430378632,-0.002107768505647586,100,3,0.01,1.0
NHP2,2,0.1274838029483131,0.03854918501808554,100,3,0.01,0.8
NHP2,3,0.12997305482482027,-0.05001690202994778,100,3,0.01,0.8
NHP2,4,0.18440697816602553,0.004550427260789324,100,3,0.01,0.8
NKX1-2,0,0.15081001747256806,0.030737776640190558,100,3,0.01,0.8
NKX1-2,1,0.14829362863481105,0.0920378223567888,100,3,0.01,0.8
NKX1-2,2,0.1501230187344441,0.06460188884772719,100,3,0.01,0.8
NKX1-2,3,0.1385628784530619,0.02903637242356227,100,3,0.01,0.8
NKX1-2,4,0.1443617033575233,0.09214334118713328,100,3,0.01,0.8
NKX3-1,0,0.1885273639586747,0.10082620661568398,100,6,0.01,0.8
NKX3-1,1,0.24725660152882442,0.1948374903321316,100,3,0.01,0.8
NKX3-1,2,0.1823415747090678,0.09290235318481457,100,3,0.01,0.8
NKX3-1,3,0.19802350572134028,0.06402674885337585,100,6,0.01,0.8
NKX3-1,4,0.19318832914652323,0.1162781524027836,100,3,0.01,0.8
NKX3-2,0,0.1466737281327764,0.13128574516926458,100,3,0.01,0.8
NKX3-2,1,0.15731259016228136,0.11675166487374722,100,3,0.01,1.0
NKX3-2,2,0.15464231335271403,0.044193765835028244,100,3,0.01,0.8
NKX3-2,3,0.15000289147547835,0.0829083354040096,100,3,0.01,0.8
NKX3-2,4,0.1485802322364671,0.07368133098549838,100,3,0.01,1.0
NKX6-2,0,0.11083507299622318,0.0165016387472731,100,3,0.01,0.8
NKX6-2,1,0.12149466779714505,-0.0030298956747229723,100,3,0.01,0.8
NKX6-2,2,0.10594491424793348,0.04970418973057451,100,3,0.01,0.8
NKX6-2,3,0.11649033366923948,0.016218128829529638,100,3,0.01,0.8
NKX6-2,4,0.1059628331270572,0.08025104211074077,100,3,0.01,0.8
NME2,0,0.17242951691979952,-0.00857509673205089,100,3,0.01,1.0
NME2,1,0.10316754140816563,0.015643829276677196,100,3,0.01,0.8
NME2,2,0.08341127642551198,0.0813393738242853,100,3,0.01,1.0
NME2,3,0.2094366130921386,0.011391692604531364,100,3,0.01,0.8
NME2,4,0.1345821141239452,0.11157984490656508,100,3,0.01,0.8
NOTO,0,0.11895056011537358,0.025165364295693535,100,3,0.01,0.8
NOTO,1,0.14292420119965052,0.10515691393953178,100,3,0.01,0.8
NOTO,2,0.12294326899513015,0.09860424122563424,100,3,0.01,0.8
NOTO,3,0.12533183299871217,0.07201322061270067,100,3,0.01,0.8
NOTO,4,0.12105480790784123,0.04396561780894055,100,3,0.01,0.8
NR2F2,0,0.14690142590128072,0.08261160696029188,100,3,0.01,1.0
NR2F2,1,0.14962374430136896,0.14827483674806338,100,3,0.01,0.8
NR2F2,2,0.14389903257046432,0.1294543554541294,200,3,0.01,0.8
NR2F2,3,0.13847692557779895,0.07256332753710908,100,6,0.01,0.8
NR2F2,4,0.14004958268071083,0.08563793606604621,300,3,0.01,0.8
NR4A1,0,0.19726148808776256,-0.057809469557741563,100,3,0.01,0.8
NR4A1,1,0.21128178382668258,0.05622514553852403,100,3,0.01,0.8
NR4A1,2,0.2018835597099132,0.014640646046501235,100,3,0.01,0.8
NR4A1,3,0.2098844349785686,0.03650330519782765,100,3,0.01,0.8
NR4A1,4,0.19573731997663335,0.02752458731673446,100,3,0.01,0.8
NR4A3,0,0.15210013292151447,0.09288896822034032,100,3,0.01,0.8
NR4A3,1,0.28366395585294846,-0.04794939179550772,100,3,0.01,0.8
NR4A3,2,0.16972608089739388,-0.007426782202052809,100,3,0.01,0.8
NR4A3,3,0.1828865485893591,-0.0025603930878991712,100,3,0.01,0.8
NR4A3,4,0.17721414978332262,-0.007523313709652856,100,3,0.01,0.8
NSD2,0,0.21413681613490362,0.05408746097594244,100,3,0.01,0.8
NSD2,1,0.19775534038183085,0.06355556352426721,100,3,0.01,0.8
NSD2,2,0.19288319078388824,0.048790544590578036,100,3,0.01,0.8
NSD2,3,0.18896706233798516,0.03475695741781199,100,3,0.01,0.8
NSD2,4,0.18318303550868098,0.04663716168281434,100,3,0.01,0.8
ONECUT3,0,0.12844376476779976,0.005516220751161492,100,3,0.01,1.0
ONECUT3,1,0.14002300470475493,0.08622372499053167,100,3,0.01,0.8
ONECUT3,2,0.12780370833451968,0.014332064926832328,100,3,0.01,0.8
ONECUT3,3,0.12674200983084385,0.11031886008290369,100,3,0.01,0.8
ONECUT3,4,0.12148234499221204,0.09635241104934475,100,3,0.01,0.8
OSR1,0,0.13304320817635734,0.04074841490108623,100,3,0.01,0.8
OSR1,1,0.14460331880486532,-0.01377675489084856,100,3,0.01,1.0
OSR1,2,0.14167870000751417,0.046745616923749025,100,3,0.01,0.8
OSR1,3,0.15022346861107744,0.02747103510602442,100,3,0.01,0.8
OSR1,4,0.13195177254864346,0.02878287786214706,100,3,0.01,0.8
OSR2,0,0.16775570522328473,0.026465699649709424,100,3,0.01,0.8
OSR2,1,0.1402938101634061,0.040815108003897566,100,3,0.01,0.8
OSR2,2,0.15117369917836643,0.044972780790811545,100,3,0.01,0.8
OSR2,3,0.14646107351935536,0.07506172953832917,100,3,0.01,0.8
OSR2,4,0.13365014331999842,0.05690893569553224,100,3,0.01,0.8
OVOL1,0,0.2007642135599199,0.024094888278919206,200,3,0.01,0.8
OVOL1,1,0.23738457136472904,0.05604879433800623,100,3,0.01,0.8
OVOL1,2,0.22130324732546355,0.08069120973914035,100,3,0.01,0.8
OVOL1,3,0.22321085485484107,0.029539492902225167,100,6,0.01,0.8
OVOL1,4,0.22205417787361217,-0.006272644395956398,200,3,0.01,0.8
OVOL2,0,0.20174373034474707,0.033329117321904876,100,3,0.01,1.0
OVOL2,1,0.21872909379368702,0.06232339425406748,100,3,0.01,1.0
OVOL2,2,0.19334247624473289,0.05738698677150176,100,3,0.01,0.8
OVOL2,3,0.20957534571395603,-0.01014530192457622,100,6,0.01,0.8
OVOL2,4,0.21091869333703825,-0.013262345475283875,100,3,0.01,0.8
PARP1,0,0.20250308887068638,0.03925010703887336,100,3,0.01,0.8
PARP1,1,0.1320386916674341,0.01911027892731773,100,3,0.01,0.8
PARP1,2,0.13885881103528772,-0.014144883010896833,100,3,0.01,0.8
PARP1,3,0.14771201682842772,0.02219598072670849,100,3,0.01,0.8
PARP1,4,0.13082988809899682,-0.04560239955973315,100,3,0.01,0.8
PAX2,0,0.150492489848344,0.1472024370450472,100,3,0.01,0.8
PAX2,1,0.18388043710443472,0.10508950896383311,100,3,0.01,0.8
PAX2,2,0.1515197763994896,0.04429300669263523,100,3,0.01,0.8
PAX2,3,0.14895241540355253,0.1197326303826629,100,3,0.01,0.8
PAX2,4,0.16228819287937205,0.12892892987774365,100,3,0.01,0.8
PAX3,0,0.14975539197112298,0.004142986616298074,100,3,0.01,1.0
PAX3,1,0.1686295119918057,-0.007149474834898348,100,3,0.01,0.8
PAX3,2,0.15705457747898569,-0.09272687374623453,100,3,0.01,0.8
PAX3,3,0.1836097640337995,-0.03660997356778759,100,3,0.01,0.8
PAX3,4,0.15877764903664066,0.03790576032616265,100,3,0.01,0.8
PAX5,0,0.18618016214081068,0.12445915157243385,100,3,0.01,0.8
PAX5,1,0.21238983438110157,0.11905755537957007,100,3,0.01,0.8
PAX5,2,0.16571663554599098,0.08120542244173203,100,3,0.01,0.8
PAX5,3,0.17842411187505045,0.05179518063926658,100,3,0.01,0.8
PAX5,4,0.17074478682383462,0.07833817400515575,100,3,0.01,0.8
PDX1,0,0.12259828486594629,0.09309761906868116,100,3,0.01,0.8
PDX1,1,0.12396082477611943,0.1213769726964418,100,3,0.01,0.8
PDX1,2,0.12693065456856925,0.04070713790149739,100,3,0.01,0.8
PDX1,3,0.13367528640230206,0.04884769366535585,100,3,0.01,0.8
PDX1,4,0.12752255306212448,0.1095876086946797,100,3,0.01,0.8
PHOX2A,0,0.1449694303011559,0.06935119432779228,100,3,0.01,0.8
PHOX2A,1,0.15098472100244167,0.17402321510554947,100,6,0.01,0.8
PHOX2A,2,0.15269485774501507,0.12916991827502858,100,6,0.01,0.8
PHOX2A,3,0.13803596692125775,0.09347472034908849,100,3,0.01,0.8
PHOX2A,4,0.14240610881523622,0.13891152173301738,100,6,0.01,0.8
PITX1,0,0.09650355757877278,0.01730320469467387,100,3,0.01,1.0
PITX1,1,0.09905873212554336,0.03411920418094457,100,3,0.01,0.8
PITX1,2,0.09757148677498945,-0.008800099694595134,100,3,0.01,0.8
PITX1,3,0.13236469363860495,0.00042888957454260436,100,3,0.01,0.8
PITX1,4,0.10304032882830173,-0.015623781589724429,100,3,0.01,1.0
PLAG1,0,0.2061282741107761,0.039841084162516915,100,3,0.01,0.8
PLAG1,1,0.20698261848818436,0.13926042061735153,100,3,0.01,0.8
PLAG1,2,0.21525810761525568,0.07542040039894675,100,3,0.01,0.8
PLAG1,3,0.22489653533121307,0.013320760398810883,100,3,0.01,1.0
PLAG1,4,0.36568389132264223,0.054626280186158664,100,3,0.01,1.0
PLAGL1,0,0.1663543718154337,0.08812417762452189,100,3,0.01,0.8
PLAGL1,1,0.15586027132220143,0.009173056926185577,100,3,0.01,0.8
PLAGL1,2,0.1794051470776058,0.023121758969226913,100,3,0.01,0.8
PLAGL1,3,0.20174394827316305,-0.018197312399819053,100,3,0.01,0.8
PLAGL1,4,0.4022542706337633,0.022167815347355947,200,3,0.01,0.8
POU4F2,0,0.158743151563569,0.023334177290720796,100,3,0.01,0.8
POU4F2,1,0.13698343294306167,0.023123898396880498,100,3,0.01,0.8
POU4F2,2,0.142334604449496,-0.012905904241777314,100,3,0.01,0.8
POU4F2,3,0.13930254042605256,0.04536436892538195,100,3,0.01,0.8
POU4F2,4,0.14475667995543876,-0.0463947177100816,100,3,0.01,0.8
PPARGC1A,0,0.2762106381097881,0.013626730356917867,100,6,0.01,0.8
PPARGC1A,1,0.23888182851603715,0.060389146091665846,100,3,0.01,0.8
PPARGC1A,2,0.2310727049978877,0.011156348039566891,100,6,0.01,0.8
PPARGC1A,3,0.24636405579062973,0.02719669570010836,100,3,0.01,0.8
PPARGC1A,4,0.22711547182514066,0.02847717760576535,100,6,0.01,0.8
PRDM1,0,0.18769675621232318,0.15384452627864628,300,3,0.01,0.8
PRDM1,1,0.19747553195791598,0.19986495896635265,300,3,0.01,0.8
PRDM1,2,0.19555669725072752,0.20006719825164582,300,3,0.01,0.8
PRDM1,3,0.18902947977750006,0.21025956677026442,200,3,0.01,0.8
PRDM1,4,0.19081756171717795,0.16232016674655608,200,3,0.01,0.8
PRDM16,0,0.17080617133907505,0.012392086840884975,100,3,0.01,0.8
PRDM16,1,0.16778475477103189,0.009465304576722794,100,3,0.01,0.8
PRDM16,2,0.1744567979689663,0.05100677339354177,100,3,0.01,0.8
PRDM16,3,0.1729560120190522,0.02109770804368051,100,3,0.01,1.0
PRDM16,4,0.16086099766020448,0.007310978055867307,100,3,0.01,0.8
PROX1,0,0.144156673472099,0.042333610110047264,100,3,0.01,0.8
PROX1,1,0.1420840801119072,0.09513368757504728,100,3,0.01,0.8
PROX1,2,0.1285752928200541,0.05152645884860853,100,3,0.01,0.8
PROX1,3,0.13644659230995887,0.06155604171565366,200,3,0.01,0.8
PROX1,4,0.14396206927759667,0.05898714256151636,100,3,0.01,0.8
PRRX2,0,0.11311447529017228,0.03965663846347138,100,3,0.01,0.8
PRRX2,1,0.11322162989201282,0.0922233669585471,100,3,0.01,0.8
PRRX2,2,0.1596256338366424,0.04833076564157629,100,3,0.01,0.8
PRRX2,3,0.11468190975730731,0.02937836920281893,100,3,0.01,0.8
PRRX2,4,0.11517040468511222,-0.025220687790790706,100,3,0.01,0.8
PSAP,0,0.11692373227576047,0.06570621864550373,100,3,0.01,0.8
PSAP,1,0.11823077215771409,0.04507451046517836,100,3,0.01,0.8
PSAP,2,0.19587249745280802,0.07936205272512226,200,3,0.01,0.8
PSAP,3,0.11791392028668696,0.05731944906204055,100,6,0.01,0.8
PSAP,4,0.12001096810109825,0.10158184162160419,100,3,0.01,0.8
PTF1A,0,0.12984897328820239,-0.019668546704610518,100,3,0.01,0.8
PTF1A,1,0.14663711935497695,0.01425342412617012,100,3,0.01,0.8
PTF1A,2,0.13404052646371536,0.0035785129430181487,100,3,0.01,0.8
PTF1A,3,0.13219594605356133,-0.04985717093480448,100,3,0.01,0.8
PTF1A,4,0.1260853829385104,0.022468762647825054,100,3,0.01,0.8
RBMS1,0,0.09842418536667365,0.06808567519655039,100,3,0.01,1.0
RBMS1,1,0.10060162267918062,0.07299500696706931,100,3,0.01,0.8
RBMS1,2,0.10026770111959595,-0.009220029294437408,100,3,0.01,0.8
RBMS1,3,0.09959953420132711,0.03761208818740909,100,3,0.01,0.8
RBMS1,4,0.10055279761236693,0.03497940146610139,100,3,0.01,0.8
RBPJ,0,0.12048689508836603,-0.03974909796109244,100,3,0.01,0.8
RBPJ,1,0.12368912154229882,-0.00202236094489711,100,3,0.01,0.8
RBPJ,2,0.12870143798332026,0.02743105839703402,100,3,0.01,0.8
RBPJ,3,0.12638639621268588,-0.06549095285748821,100,3,0.01,0.8
RBPJ,4,0.12554463537374794,0.0024803641776818966,100,3,0.01,0.8
RERE,0,0.13847763390467813,0.08402445255883279,100,3,0.01,0.8
RERE,1,0.14257669948048984,0.10201952464653917,100,3,0.01,0.8
RERE,2,0.13844827710141966,0.10981963889685452,100,3,0.01,0.8
RERE,3,0.13736579009025907,0.05367561870532376,200,3,0.01,0.8
RERE,4,0.13613940091265656,0.09954189498310952,100,3,0.01,0.8
REXO1,0,0.16914727023717088,0.021885437800024308,100,3,0.01,0.8
REXO1,1,0.1719360309825317,0.09023437442401037,100,3,0.01,0.8
REXO1,2,0.17403422761777523,0.02597892716350433,100,3,0.01,0.8
REXO1,3,0.16787966232340784,0.024366162833271768,100,3,0.01,0.8
REXO1,4,0.17328878665840422,0.051292566883109306,100,3,0.01,0.8
RREB1,0,0.11592530489193974,0.03827850545265933,100,3,0.01,1.0
RREB1,1,0.11944123483964188,0.04651031605178273,100,3,0.01,0.8
RREB1,2,0.12154042876976272,0.05384754587656183,100,3,0.01,0.8
RREB1,3,0.11352171942348739,0.06790925102857341,100,3,0.01,0.8
RREB1,4,0.11071966150357565,0.0566988000514172,100,3,0.01,0.8
RUNX1,0,0.18009089129640488,0.04224969400626391,100,3,0.01,0.8
RUNX1,1,0.1789202751240259,0.0580246015075389,100,3,0.01,0.8
RUNX1,2,0.17298331844236578,0.05218619339374737,100,3,0.01,1.0
RUNX1,3,0.18780735897223585,0.028990278589369187,100,3,0.01,0.8
RUNX1,4,0.18120526284239352,0.07779596646953578,100,3,0.01,0.8
RUNX2,0,0.21544676130050758,0.045209981233217955,100,3,0.01,0.8
RUNX2,1,0.20960341835787896,0.05057897987077052,100,3,0.01,0.8
RUNX2,2,0.21592697512925388,0.06583656285271548,100,3,0.01,0.8
RUNX2,3,0.21533717645278827,0.06415500875476773,100,3,0.01,0.8
RUNX2,4,0.21523553042188692,0.09942861181231778,100,3,0.01,0.8
SALL1,0,0.15449044609940668,-0.029732112530995402,100,3,0.01,0.8
SALL1,1,0.14908616946621192,0.06338531153746439,100,3,0.01,0.8
SALL1,2,0.15108408403330847,0.030609306682043428,100,3,0.01,0.8
SALL1,3,0.1413083587773947,0.05928237764992245,100,3,0.01,0.8
SALL1,4,0.14882798581464352,0.06981108324531232,100,3,0.01,0.8
SALL3,0,0.11180296177168285,0.07922802161253548,100,3,0.01,0.8
SALL3,1,0.12770235115818532,-0.038848886690637546,100,3,0.01,0.8
SALL3,2,0.1108396968384346,-0.01786691705013332,100,3,0.01,0.8
SALL3,3,0.11514579717889531,-0.043654266395689645,100,3,0.01,1.0
SALL3,4,0.12838789180661828,0.011882358455819475,100,3,0.01,0.8
SATB2,0,0.1019554936939674,0.04201030628434349,100,3,0.01,0.8
SATB2,1,0.11295788623130613,0.03232771123932347,100,3,0.01,0.8
SATB2,2,0.09866223747049278,0.013956759633669503,100,3,0.01,0.8
SATB2,3,0.10717253831935464,0.0036338712447518333,100,3,0.01,0.8
SATB2,4,0.1001036369231262,-0.023879905060273637,100,3,0.01,1.0
SIX4,0,0.1667195957410377,-0.010980982697959725,100,3,0.01,0.8
SIX4,1,0.15670792614049092,0.039451712915295443,100,3,0.01,1.0
SIX4,2,0.16108028069042585,0.0015027548008980933,100,3,0.01,0.8
SIX4,3,0.15458979474124296,0.039301946492936085,100,3,0.01,0.8
SIX4,4,0.149148334034362,0.004195827076729004,100,3,0.01,0.8
SMAD1,0,0.15423947888689662,0.08290178372773388,100,3,0.01,0.8
SMAD1,1,0.16718560293914572,0.0903927345286933,100,3,0.01,0.8
SMAD1,2,0.15913908067485383,0.04891073071517457,200,3,0.01,0.8
SMAD1,3,0.1712874570914039,0.06471924908540852,100,6,0.01,0.8
SMAD1,4,0.15460136159861282,0.056285567331889955,100,3,0.01,0.8
SMAD5,0,0.16561065533262834,0.08767133437375697,100,3,0.01,0.8
SMAD5,1,0.1771845966048021,0.05608824506948026,100,3,0.01,0.8
SMAD5,2,0.1752701079306896,0.06511806306936228,200,3,0.01,0.8
SMAD5,3,0.16661738115084435,0.029734318370371743,100,3,0.01,1.0
SMAD5,4,0.1666816198720434,0.0337230052225731,100,3,0.01,0.8
SMAD6,0,0.16264169488129268,0.06779390458818542,200,3,0.01,0.8
SMAD6,1,0.1528198274480186,0.22647399432647095,100,3,0.01,0.8
SMAD6,2,0.13870348373327135,0.17017376516083177,100,3,0.01,0.8
SMAD6,3,0.13950960993878592,0.07581062620241126,100,3,0.01,0.8
SMAD6,4,0.14314303934918618,0.05693989596376028,100,3,0.01,0.8
SMARCA1,0,0.1427274941381413,0.076101814754202,100,3,0.01,0.8
SMARCA1,1,0.1543621629088847,0.06326953312657203,100,3,0.01,0.8
SMARCA1,2,0.14267730117594563,0.08047587349949292,100,3,0.01,0.8
SMARCA1,3,0.1447065395365023,0.04466521640792303,100,3,0.01,1.0
SMARCA1,4,0.2117833536160912,0.07508540244010381,100,3,0.01,1.0
SMARCA2,0,0.1499401816034907,0.002575942496001739,100,3,0.01,0.8
SMARCA2,1,0.11352643074836848,0.022378385482918484,100,3,0.01,1.0
SMARCA2,2,0.09277472113591384,0.04889144232070081,100,3,0.01,0.8
SMARCA2,3,0.09126648824256912,-0.005130332672175771,100,3,0.01,0.8
SMARCA2,4,0.09354419683848421,0.0586462339039316,100,3,0.01,0.8
SNAI1,0,0.1478280226389932,0.10291183178417228,100,3,0.01,0.8
SNAI1,1,0.157158547584266,0.040031084413159036,100,3,0.01,0.8
SNAI1,2,0.15526368012594452,0.062170680169453554,100,3,0.01,0.8
SNAI1,3,0.16198189919039707,0.03648430595195661,100,3,0.01,0.8
SNAI1,4,0.15620190542713436,0.08957259771307954,100,3,0.01,0.8
SOX8,0,0.16789026012117136,0.02645554954284217,100,3,0.01,0.8
SOX8,1,0.17091002364700805,0.07174289095355058,100,3,0.01,0.8
SOX8,2,0.16130066084084704,0.062416541016174325,100,3,0.01,0.8
SOX8,3,0.1677520930503965,0.06837719063512776,100,3,0.01,0.8
SOX8,4,0.16658518895277527,-0.015181748074020264,100,3,0.01,0.8
SOX9,0,0.16039307963838417,-0.01933279751800785,100,3,0.01,0.8
SOX9,1,0.15650217740832845,0.06272444583082076,100,3,0.01,0.8
SOX9,2,0.18817504093792997,0.0414788392247215,100,3,0.01,0.8
SOX9,3,0.16032715180575166,0.05461690394116256,100,3,0.01,0.8
SOX9,4,0.16993855891207388,-0.051368586519098765,100,3,0.01,0.8
SOX11,0,0.267045468574075,0.003037093952403395,100,3,0.01,0.8
SOX11,1,0.2665091820342086,0.078929917631743,100,3,0.01,0.8
SOX11,2,0.263997329964094,0.04312631870333343,100,3,0.01,0.8
SOX11,3,0.30417165703376553,0.039004785678756676,100,3,0.01,0.8
SOX11,4,0.27524992553805966,0.07075132363655914,100,3,0.01,0.8
SOX12,0,0.10607369123425878,0.011623418928535002,100,3,0.01,0.8
SOX12,1,0.11459424541440674,0.12544817584793946,100,3,0.01,1.0
SOX12,2,0.1114948874672971,-0.006788977851510373,100,3,0.01,1.0
SOX12,3,0.11266510565444968,0.050142149362604485,100,3,0.01,0.8
SOX12,4,0.11553467341747815,0.03853425892501286,100,3,0.01,0.8
SOX13,0,0.18090787841275222,0.04119217809709368,100,3,0.01,0.8
SOX13,1,0.19232927828481797,0.051275855951383544,100,3,0.01,0.8
SOX13,2,0.18093548616496843,0.054180552996049694,100,3,0.01,0.8
SOX13,3,0.1768875914318062,0.09720918533197628,100,3,0.01,0.8
SOX13,4,0.18145196250072773,0.025570205919889923,100,3,0.01,0.8
SOX15,0,0.15953562338195657,0.034953794183908926,100,3,0.01,0.8
SOX15,1,0.16002510092096858,0.09325697604541582,100,3,0.01,0.8
SOX15,2,0.15400292963089832,0.0778088703172359,200,3,0.01,0.8
SOX15,3,0.1511776753242433,0.049547960821552064,100,3,0.01,0.8
SOX15,4,0.15663826973765005,0.08273512067565487,100,3,0.01,0.8
SOX17,0,0.1362833349811179,-0.03753579073131929,100,3,0.01,0.8
SOX17,1,0.14584782732400522,0.00016691803771344953,100,3,0.01,0.8
SOX17,2,0.14232535724131376,-0.014277996999321757,100,3,0.01,0.8
SOX17,3,0.1393636859883158,0.012175464968402001,100,3,0.01,0.8
SOX17,4,0.1420750185894265,0.06621652794132378,100,3,0.01,0.8
SOX18,0,0.2234942237665406,0.02214684415601534,100,3,0.01,0.8
SOX18,1,0.23324218576481,0.04866115934822679,100,3,0.01,0.8
SOX18,2,0.21172510020470878,0.07884804861987393,100,3,0.01,0.8
SOX18,3,0.21686794684354943,0.034463375179946264,100,3,0.01,0.8
SOX18,4,0.1928376261761918,0.013418223798503997,100,3,0.01,0.8
SP3,0,0.1473036365354819,0.012819405425970347,100,3,0.01,0.8
SP3,1,0.14961361728856573,0.06373268474069546,100,3,0.01,0.8
SP3,2,0.1475092945285091,0.05191991689747625,100,3,0.01,0.8
SP3,3,0.1464658998921831,0.080895826990198,100,3,0.01,1.0
SP3,4,0.14712142620590066,-0.008807744959502293,100,3,0.01,0.8
SRF,0,0.12965036445546818,0.024469400824714167,100,3,0.01,0.8
SRF,1,0.1412032402416482,0.04250990169988266,100,3,0.01,0.8
SRF,2,0.13203322849997629,0.03407252392217439,100,3,0.01,0.8
SRF,3,0.13470109031492566,0.007224997201095387,100,3,0.01,0.8
SRF,4,0.1454591840549211,-0.012223110370628353,100,3,0.01,0.8
STAT2,0,0.22881069270019705,0.1012042060018895,100,3,0.01,0.8
STAT2,1,0.23750334500035886,0.11127847546250311,100,3,0.01,0.8
STAT2,2,0.22771189459111288,0.1449949384620601,100,3,0.01,1.0
STAT2,3,0.21489536111316854,0.10793463775561984,100,3,0.01,0.8
STAT2,4,0.22801163454162274,0.07309089915748844,100,6,0.01,0.8
SUZ12,0,0.08659677090913968,0.056336063657938196,200,3,0.01,0.8
SUZ12,1,0.08890118412839493,0.08931680802713654,100,3,0.01,0.8
SUZ12,2,0.08295794590566352,0.09059543534367752,100,3,0.01,0.8
SUZ12,3,0.08430340828348278,0.09179250906171409,200,3,0.01,0.8
SUZ12,4,0.08297764811310387,0.08391856796365678,100,3,0.01,0.8
TBX3,0,0.12773545396308633,0.07134720161095456,200,3,0.01,0.8
TBX3,1,0.1419195449031486,0.10159326244300965,100,3,0.01,0.8
TBX3,2,0.1352024672266908,0.04480607410552271,100,3,0.01,0.8
TBX3,3,0.13383057096700968,0.053026992762187426,100,6,0.01,0.8
TBX3,4,0.130634805160098,0.10404929873634661,100,3,0.01,0.8
TBX5,0,0.16856327667723747,0.09773321044505956,100,3,0.01,0.8
TBX5,1,0.293096312729071,0.03336409045655781,200,3,0.01,0.8
TBX5,2,0.1697667668327589,0.08412638288916073,100,3,0.01,0.8
TBX5,3,0.17937858889043645,0.03488495546998788,100,3,0.01,0.8
TBX5,4,0.1725129230367705,0.09270652288520798,100,3,0.01,0.8
TBX18,0,0.12351310048087934,0.02456951968877896,100,3,0.01,0.8
TBX18,1,0.12655772244509483,-0.04260794606106261,100,3,0.01,0.8
TBX18,2,0.12296307335427165,0.02401246892591843,100,3,0.01,0.8
TBX18,3,0.1258583477139406,-0.039653518832496286,100,3,0.01,0.8
TBX18,4,0.1247490118178304,-0.007710732308577878,100,3,0.01,0.8
TBX20,0,0.134762763856267,-0.06297807982044484,100,3,0.01,1.0
TBX20,1,0.1534108490282115,0.014869909144829527,100,3,0.01,0.8
TBX20,2,0.14737327117180596,-0.009379118146786023,100,3,0.01,0.8
TBX20,3,0.13942480809118857,-0.018467942895952345,100,3,0.01,0.8
TBX20,4,0.15989372444181907,0.03155560470667237,100,3,0.01,1.0
TBX21,0,0.18297413029141293,0.09150407395635844,100,3,0.01,1.0
TBX21,1,0.2377680798742461,0.024474656921675827,100,3,0.01,0.8
TBX21,2,0.20464022982016636,0.025743348602279132,100,3,0.01,0.8
TBX21,3,0.17196938640538828,-0.029624212966416857,100,3,0.01,0.8
TBX21,4,0.22174721123145258,0.02842856136825659,100,3,0.01,0.8
TCF7L1,0,0.11874145876161844,-0.0016011065618886365,100,3,0.01,0.8
TCF7L1,1,0.12313191817391086,-0.06988416266707581,100,3,0.01,0.8
TCF7L1,2,0.11706378412443341,-0.011000740779525998,100,3,0.01,0.8
TCF7L1,3,0.1180563972476549,-0.002664960600773339,100,3,0.01,0.8
TCF7L1,4,0.1096118940665219,0.015113009240979346,100,3,0.01,0.8
TEAD3,0,0.11075504470681824,0.09327255084775372,100,3,0.01,0.8
TEAD3,1,0.11304994618263339,0.14184168058160546,100,3,0.01,0.8
TEAD3,2,0.11474337024950497,0.08530711191046643,100,3,0.01,0.8
TEAD3,3,0.10780053039821691,0.05978358317501937,100,3,0.01,0.8
TEAD3,4,0.11562228824822526,0.0424369578706415,100,3,0.01,0.8
TFAP2A,0,0.1726009107190252,0.10718474410630283,100,3,0.01,1.0
TFAP2A,1,0.15844064420280776,0.0038392969233242195,100,3,0.01,0.8
TFAP2A,2,0.1430655599177019,0.05686484541225879,100,3,0.01,0.8
TFAP2A,3,0.15313458346072975,0.061637178374096775,100,3,0.01,0.8
TFAP2A,4,0.15349056458870072,0.014582740373251564,100,3,0.01,0.8
TFAP2C,0,0.17052041051136904,0.08417416962738636,100,3,0.01,0.8
TFAP2C,1,0.1634709583494608,-0.04248089833168391,200,3,0.01,0.8
TFAP2C,2,0.16215341676880837,0.0696165630530042,100,3,0.01,0.8
TFAP2C,3,0.1593693227221844,0.05427772766703025,100,3,0.01,0.8
TFAP2C,4,0.15971247951926912,-0.0007489947136272504,100,3,0.01,0.8
TFAP2E,0,0.2506215901089244,0.10617275639052323,100,3,0.01,0.8
TFAP2E,1,0.2593286544946735,0.013039347600492808,100,3,0.01,1.0
TFAP2E,2,0.2653888714987894,0.06646786986488547,100,3,0.01,0.8
TFAP2E,3,0.23272635727211574,0.036817406807368135,100,3,0.01,0.8
TFAP2E,4,0.24641395225882629,0.024330006694180145,100,3,0.01,0.8
TFCP2L1,0,0.12008147877131785,-0.020285239165384262,100,3,0.01,0.8
TFCP2L1,1,0.12345833798493709,-0.004212820577036701,100,3,0.01,0.8
TFCP2L1,2,0.12265200914102217,0.01547670301841652,100,3,0.01,0.8
TFCP2L1,3,0.1265049018796973,0.025587655849470422,100,3,0.01,0.8
TFCP2L1,4,0.14040376600562138,0.005881262697449029,100,3,0.01,0.8
TGIF1,0,0.1616226111308529,0.059097807729188635,100,3,0.01,0.8
TGIF1,1,0.1613247179408476,0.011148458790609812,100,3,0.01,0.8
TGIF1,2,0.15907210959789414,0.03665190310407664,100,3,0.01,0.8
TGIF1,3,0.16931632649907125,0.11523737188643735,100,3,0.01,0.8
TGIF1,4,0.15507300251677325,-0.023659004560217852,100,3,0.01,0.8
THRA,0,0.1335848258222358,0.10076317463855611,100,3,0.01,0.8
THRA,1,0.11952160969796748,0.1459169433252438,100,3,0.01,0.8
THRA,2,0.12712972115734333,0.09328437257157994,100,3,0.01,0.8
THRA,3,0.11858631568240743,0.1030987781644357,100,3,0.01,0.8
THRA,4,0.15231717971820646,0.08330194228667268,200,3,0.01,0.8
TLX1,0,0.18169732401432534,0.034477654482339304,100,3,0.01,0.8
TLX1,1,0.19587420266489958,0.12064484509095817,100,3,0.01,0.8
TLX1,2,0.18835025479531523,0.04642401024274701,100,3,0.01,0.8
TLX1,3,0.18950665646208384,0.0438320418302417,100,3,0.01,0.8
TLX1,4,0.19556105680100377,0.038743607064302195,100,3,0.01,0.8
TONSL,0,0.11666901640818657,0.02489557081498199,100,3,0.01,0.8
TONSL,1,0.12031045380618226,0.009997098635529717,100,3,0.01,0.8
TONSL,2,0.12188319809531127,-0.015793133511327707,100,3,0.01,0.8
TONSL,3,0.12913638749202044,0.03524785040996341,100,3,0.01,0.8
TONSL,4,0.12404969166987244,0.05432297118347035,100,3,0.01,0.8
TOX,0,0.09050077606848017,0.02397322936430291,100,3,0.01,0.8
TOX,1,0.0933306056956998,-0.01739096677505749,100,3,0.01,0.8
TOX,2,0.09428407854968848,0.001841558035947195,100,3,0.01,0.8
TOX,3,0.10360341212907702,0.07819180848968679,100,3,0.01,1.0
TOX,4,0.08787463997561018,0.015504155561679849,100,3,0.01,0.8
TP73,0,0.23247164308383778,0.045246150841905974,100,3,0.01,0.8
TP73,1,0.24485730922654986,0.07830671814772629,100,3,0.01,0.8
TP73,2,0.23905882776373952,0.005256174131045627,100,3,0.01,0.8
TP73,3,0.3419595570945168,0.0996874404890707,100,3,0.01,0.8
TP73,4,0.26160358715461446,0.020886558345108445,100,9,0.01,0.8
TRIM22,0,0.11694310424222677,-0.026856442075973232,100,3,0.01,1.0
TRIM22,1,0.11847253001463928,0.027418399201955962,100,6,0.01,0.8
TRIM22,2,0.12218155302836613,-0.008343708280471426,100,3,0.01,0.8
TRIM22,3,0.17920263323161068,-0.007625595429944756,100,3,0.01,1.0
TRIM22,4,0.12149084781314447,0.041336314611932656,100,3,0.01,0.8
TRIM24,0,0.13283758589419878,-0.007433098189800658,100,3,0.01,0.8
TRIM24,1,0.13728511144799885,0.057306516143969484,100,3,0.01,0.8
TRIM24,2,0.1322986551778874,0.027490349386610134,100,3,0.01,0.8
TRIM24,3,0.1437718737186865,0.06126582482302017,100,3,0.01,0.8
TRIM24,4,0.14081462766799033,0.024849953520130374,100,3,0.01,0.8
TRIM28,0,0.08982391836362376,0.10130117103325353,100,3,0.01,0.8
TRIM28,1,0.09704390191371773,0.16056016743443555,100,6,0.01,0.8
TRIM28,2,0.10762820148672264,0.030350744419591884,100,6,0.01,0.8
TRIM28,3,0.10060163905613666,0.15788726764030112,100,6,0.01,0.8
TRIM28,4,0.17966675757456388,0.02211039109756255,200,3,0.01,0.8
TSC22D1,0,0.16605804875750524,0.04056492427523922,100,3,0.01,0.8
TSC22D1,1,0.11058733619429742,-0.019267894444677622,100,3,0.01,0.8
TSC22D1,2,0.11673361190079481,-0.05112406604671171,100,3,0.01,0.8
TSC22D1,3,0.11182791041958438,-0.024389240069649962,100,3,0.01,1.0
TSC22D1,4,0.11268132138978855,0.005134946233654695,100,3,0.01,0.8
TSHZ1,0,0.19487045152985635,0.029587503690846836,100,3,0.01,0.8
TSHZ1,1,0.18705459380519004,0.09215294360637105,100,3,0.01,0.8
TSHZ1,2,0.1905604082253417,0.042764752689092876,100,3,0.01,0.8
TSHZ1,3,0.18961412293989324,0.06595156091976975,100,3,0.01,0.8
TSHZ1,4,0.18896567503686545,0.04940475104560999,100,3,0.01,0.8
TWIST2,0,0.14331110128384333,0.010784713275580057,100,3,0.01,0.8
TWIST2,1,0.14779854028383785,-0.0060167890852003605,100,3,0.01,0.8
TWIST2,2,0.15677874675996117,-0.01621899580866861,100,3,0.01,0.8
TWIST2,3,0.14789009850338145,0.002566805370019628,100,3,0.01,0.8
TWIST2,4,0.14601621715124785,-0.012419039523852867,100,3,0.01,0.8
VENTX,0,0.16316273143543542,0.059802120019690055,100,3,0.01,0.8
VENTX,1,0.16612883964278333,-0.008995563558367373,100,3,0.01,0.8
VENTX,2,0.16519384852643995,0.055952720284853985,100,3,0.01,0.8
VENTX,3,0.16591722344317714,0.012990012301131922,100,3,0.01,0.8
VENTX,4,0.15881217635631742,0.08059006367965611,100,3,0.01,0.8
YAP1,0,0.08619474170583262,0.1515503339835478,200,3,0.01,0.8
YAP1,1,0.09253163353769986,0.19049118515529637,300,3,0.01,0.8
YAP1,2,0.08803041946712567,0.12591983373823493,300,3,0.01,1.0
YAP1,3,0.09275709130010092,0.13544540310820635,300,3,0.01,0.8
YAP1,4,0.09185405609302622,0.15061140241224158,200,3,0.01,0.8
YBX1,0,0.11176984381921963,-0.018587646879275322,100,3,0.01,0.8
YBX1,1,0.10766144958400835,0.009648932907975106,100,3,0.01,0.8
YBX1,2,0.4223952317563196,0.01861615441555967,100,3,0.01,0.8
YBX1,3,0.11165246853445829,0.05319878077516934,100,3,0.01,0.8
YBX1,4,0.11165566735279929,-0.012447016080582133,100,6,0.01,0.8
YBX3,0,0.13314825623594756,0.002759753162476139,100,3,0.01,0.8
YBX3,1,0.2076042100177227,0.02418596074177539,100,9,0.01,0.8
YBX3,2,0.6539019056797111,-0.013961173304133136,100,3,0.01,0.8
YBX3,3,0.23626122385233966,0.025211927279016246,100,6,0.01,0.8
YBX3,4,0.13097436612911117,0.010040354450391909,100,3,0.01,0.8
YWHAZ,0,0.12123690165665951,0.1601732370556494,100,6,0.01,0.8
YWHAZ,1,0.1260499194122375,0.20718737956154262,100,6,0.01,0.8
YWHAZ,2,0.12347866146771778,0.1609921614871237,100,6,0.01,0.8
YWHAZ,3,0.12463276165822931,0.10791392400448033,100,6,0.01,0.8
YWHAZ,4,0.16598836743373538,0.13472843326215111,300,3,0.01,0.8
ZBTB7A,0,0.14948375469637065,0.09354261424584401,100,3,0.01,0.8
ZBTB7A,1,0.15582326864530965,0.10406785728562246,100,3,0.01,1.0
ZBTB7A,2,0.15681473738247756,0.10261441773183967,100,3,0.01,0.8
ZBTB7A,3,0.16489128829310978,0.10937774477106013,100,3,0.01,0.8
ZBTB7A,4,0.15497226413666984,0.08757368900053955,100,3,0.01,0.8
ZBTB10,0,0.14359204531598446,0.027271822722313085,100,3,0.01,0.8
ZBTB10,1,0.15306599979044488,0.05758276513731821,100,3,0.01,1.0
ZBTB10,2,0.14368340757242082,0.01587389305458054,100,3,0.01,0.8
ZBTB10,3,0.14320713098266363,0.028550618728114353,100,3,0.01,0.8
ZBTB10,4,0.14366855436795944,0.06626276183687373,100,3,0.01,0.8
ZBTB18,0,0.18025119205438092,0.03645575874704106,100,3,0.01,0.8
ZBTB18,1,0.16502716325243758,0.017977703397204343,200,3,0.01,0.8
ZBTB18,2,0.17408402811891527,0.04046943655377583,100,3,0.01,0.8
ZBTB18,3,0.173101899111925,0.018488129337093265,100,3,0.01,0.8
ZBTB18,4,0.17660158415897492,0.026139510722885798,100,6,0.01,0.8
ZBTB37,0,0.07110045623461116,0.0912272253709884,100,3,0.01,0.8
ZBTB37,1,0.07409337409577858,0.018467845316170493,100,3,0.01,0.8
ZBTB37,2,0.0749755004216209,-0.007407054977826787,100,3,0.01,0.8
ZBTB37,3,0.0723050412046066,0.06379151394021197,100,3,0.01,0.8
ZBTB37,4,0.07538012336858352,0.008261482060167781,100,3,0.01,1.0
ZBTB42,0,0.21168372770054836,0.03620294950032647,100,3,0.01,0.8
ZBTB42,1,0.21494132011438394,0.04730359533291809,100,3,0.01,0.8
ZBTB42,2,0.22860405797872405,0.030000213958955302,100,3,0.01,0.8
ZBTB42,3,0.22457972337148005,0.0010150975640620744,100,3,0.01,0.8
ZBTB42,4,0.22067292535145194,0.06965181142468048,100,9,0.01,0.8
ZEB2,0,0.19067553937900716,0.030203104700026073,100,3,0.01,0.8
ZEB2,1,0.2003003845170601,0.07628800316365528,100,3,0.01,0.8
ZEB2,2,0.20155466644967504,0.07475690832501054,100,6,0.01,0.8
ZEB2,3,0.2277158683313605,0.09851134945338702,100,6,0.01,0.8
ZEB2,4,0.20118680421451599,0.05615679156854747,100,3,0.01,0.8
ZFP36L2,0,0.11277163461460278,0.059756330395650925,100,6,0.01,0.8
ZFP36L2,1,0.12109104269837571,0.06062786352662256,100,3,0.01,0.8
ZFP36L2,2,0.10797209403253565,0.08946862447034065,100,3,0.01,0.8
ZFP36L2,3,0.12308637297504373,0.02675657147752706,100,3,0.01,0.8
ZFP36L2,4,0.11584522382888546,0.05894142305484236,100,3,0.01,0.8
ZFPM2,0,0.11949340958839536,0.061412990450926644,100,3,0.01,0.8
ZFPM2,1,0.1285091863715397,0.05788554224838932,100,3,0.01,0.8
ZFPM2,2,0.11663558305002988,0.001726350703449466,100,3,0.01,0.8
ZFPM2,3,0.1294892142104536,0.0322412317951624,100,3,0.01,0.8
ZFPM2,4,0.1222709678355914,0.01165697189532529,100,3,0.01,0.8
ZIC2,0,0.16997689901257332,-0.014673061145828078,100,3,0.01,0.8
ZIC2,1,0.16723126776008648,0.018595445067658208,100,3,0.01,0.8
ZIC2,2,0.16341108846892985,0.08879172789613586,100,3,0.01,0.8
ZIC2,3,0.16878964279970707,-0.016610841746712516,100,3,0.01,1.0
ZIC2,4,0.1641550616283204,0.09020528122645205,100,3,0.01,0.8
ZNF136,0,0.17508323702446332,0.029629996051859328,100,3,0.01,0.8
ZNF136,1,0.17335658079436012,0.01999380026533447,100,3,0.01,1.0
ZNF136,2,0.16987406714000244,-0.0032628338437501975,100,3,0.01,0.8
ZNF136,3,0.17291070569911215,0.03268361766671744,100,3,0.01,0.8
ZNF136,4,0.17382492069642913,0.054169900061107334,100,3,0.01,0.8
ZNF286B,0,0.16869858196347212,0.053831105992967226,100,3,0.01,0.8
ZNF286B,1,0.16934473763481148,0.057263081556802965,100,3,0.01,0.8
ZNF286B,2,0.17438381325954616,0.051235028709865744,100,3,0.01,0.8
ZNF286B,3,0.16761943336468488,0.07587100995282693,100,3,0.01,0.8
ZNF286B,4,0.17815949534854741,0.07154677533252297,100,3,0.01,0.8
ZNF296,0,0.1436625044204608,0.14050962547244297,200,6,0.01,0.8
ZNF296,1,0.15383942943586848,0.21530205506873926,100,9,0.01,0.8
ZNF296,2,0.16566881257134877,0.09913925724919985,200,9,0.01,0.8
ZNF296,3,0.1585753348278636,0.1089879478041569,300,3,0.01,0.8
ZNF296,4,0.17620545065624957,0.17956738514002293,200,6,0.01,0.8
ZNF618,0,0.11894022995552574,0.07552737189168679,100,3,0.01,1.0
ZNF618,1,0.1183512079964142,0.14105431308788913,100,3,0.01,0.8
ZNF618,2,0.11292346354901271,0.0728650750393597,100,3,0.01,0.8
ZNF618,3,0.1136007992660863,0.10726275463066551,100,3,0.01,0.8
ZNF618,4,0.11462602320154783,0.07373568015629194,100,3,0.01,0.8
ZNF777,0,0.1251084954569055,0.04855653228897236,100,6,0.01,0.8
ZNF777,1,0.13999855367039724,0.07856943003385122,100,3,0.01,0.8
ZNF777,2,0.1256523967230527,0.05469259924462734,100,3,0.01,0.8
ZNF777,3,0.12990225101478187,0.0137307511541122,100,3,0.01,0.8
ZNF777,4,0.12279029537415384,0.0025628589990925967,100,3,0.01,0.8
ZNF827,0,0.16971505345071247,-0.03786403924910169,100,3,0.01,0.8
ZNF827,1,0.18123513182984854,0.027573847111105908,100,3,0.01,0.8
ZNF827,2,0.1931432967110322,0.07607645013060277,100,3,0.01,0.8
ZNF827,3,0.19402903046690342,0.02553168329366716,100,3,0.01,0.8
ZNF827,4,0.19167430431581997,-0.012572619276441009,100,3,0.01,0.8
